h3_index,building_count,total_area,avg_area
892aa840823ffff,1,1888.0171752,1888.0171752
892aa840827ffff,64,133912.05655972,2092.375883745625
892aa84082fffff,9,22329.8852626,2481.098362511111
892aa840903ffff,15,42404.98420165,2826.9989467766663
892aa840907ffff,40,141756.32418164,3543.908104541
892aa84090bffff,127,171268.62623035,1348.571860081496
892aa84090fffff,192,187364.50850633,975.8568151371354
892aa84091bffff,12,14177.4947669,1181.4578972416666
892aa840923ffff,220,270546.63444425,1229.7574292920456
892aa840927ffff,190,184560.34527862,971.3702383085263
892aa84092bffff,193,208658.8284722,1081.133826280829
892aa84092fffff,115,376596.22734716,3274.7498030187826
892aa840933ffff,125,131269.80675019,1050.15845400152
892aa840937ffff,91,107492.86607039,1181.2402864878022
892aa84093bffff,182,244598.00575861,1343.9450865857693
892aa840943ffff,115,137984.35428431,1199.8639502983476
892aa840947ffff,127,161478.1812827,1271.4817423834647
892aa84094bffff,67,142078.55599255,2120.5754625753734
892aa84094fffff,50,102951.35211898,2059.0270423796
892aa840953ffff,57,121803.46802488,2136.9029478049124
892aa840957ffff,134,163791.09439572,1222.3215999680597
892aa84095bffff,98,236912.84900504,2417.478051071837
892aa840963ffff,130,145211.15118316,1117.008855255077
892aa840967ffff,173,194975.06224648,1127.023481193526
892aa84096bffff,8,10245.64997327,1280.70624665875
892aa840973ffff,155,179962.40555495,1161.047777773871
892aa840977ffff,192,186480.80527079,971.2541941186979
892aa84097bffff,55,131364.28570108,2388.4415582014544
892aa840b07ffff,87,168297.58924409,1934.4550487826436
892aa840b0fffff,9,22184.28369619,2464.920410687778
892aa840b17ffff,6,17310.55908188,2885.0931803133335
892aa840b23ffff,56,114752.36393441,2049.149355971607
892aa840b27ffff,41,66904.83418449,1631.8252240119511
892aa840b2bffff,77,112104.07113855,1455.8970277733767
892aa840b2fffff,150,182902.27432994999,1219.348495533
892aa840b33ffff,75,126289.2182272,1683.8562430293334
892aa840b3bffff,89,169607.31284919,1905.7001443729214
892aa840b67ffff,75,93550.00584564,1247.3334112752
892aa840b77ffff,50,64348.66838819,1286.9733677638
892aa840b87ffff,50,96984.24583913,1939.6849167826
892aa840b97ffff,38,69883.27243033,1839.0334850086845
892aa840babffff,3,7178.66863133,2392.8895437766664
892aa840bb3ffff,67,111244.22614218,1660.361584211642
892aa840bb7ffff,6,7206.30978222,1201.0516303699999
892aa84404fffff,15,14415.309149730001,961.0206099820001
892aa844063ffff,37,76492.7053329,2067.370414402703
892aa844067ffff,57,122494.79089466,2149.031419204561
892aa84406bffff,190,165257.75853573,869.7776765038421
892aa84406fffff,36,224485.55645332,6235.709901481111
892aa84407bffff,48,38722.59720707,806.7207751472916
892aa844123ffff,18,30692.76567007,1705.1536483372222
892aa844127ffff,43,47724.43677263,1109.8706226193024
892aa84412bffff,142,184635.18409314,1300.2477753038029
892aa84412fffff,126,130206.82986655,1033.3875386234126
892aa84414bffff,34,320582.55368218,9428.898637711176
892aa844167ffff,105,120834.29901238,1150.8028477369523
892aa844173ffff,1,56.05686738,56.05686738
892aa844177ffff,12,37515.27659128,3126.2730492733335
892aa844203ffff,235,196156.344753,834.707850012766
892aa844207ffff,159,212390.36861072,1335.7884818284276
892aa84420bffff,124,116619.49435614,940.4797931946774
892aa84420fffff,195,223228.84174753,1144.7632910129744
892aa844213ffff,142,195847.68781814998,1379.2090691419012
892aa844217ffff,199,163162.41516315,819.9116339856783
892aa84421bffff,89,178884.09919421,2009.9336988113482
892aa844223ffff,117,193037.5929973,1649.8939572418803
892aa844227ffff,108,123644.93161925,1144.8604779560185
892aa84422bffff,146,191508.18714144,1311.699911927671
892aa84422fffff,115,134400.49738122,1168.6999772279999
892aa844233ffff,208,276672.78976775,1330.1576431141827
892aa844237ffff,155,167076.88114058,1077.9153621972903
892aa84423bffff,178,193621.42776082,1087.7608301169662
892aa844243ffff,147,222667.45575681,1514.7445969851021
892aa844247ffff,101,116942.38740379999,1157.845419839604
892aa84424bffff,88,322929.02124961,3669.647968745568
892aa84424fffff,95,210974.09792928,2220.7799782029474
892aa844253ffff,196,192021.79122946,979.7030164768368
892aa844257ffff,84,100054.00050096,1191.119053582857
892aa84425bffff,211,258799.00104448,1226.535549973839
892aa844263ffff,164,194211.57331004,1184.2169104270731
892aa844267ffff,140,174735.62912234,1248.1116365881428
892aa84426bffff,223,255690.36352611,1146.5935584130493
892aa84426fffff,217,237529.77912798,1094.6072770874655
892aa844273ffff,167,202131.87924488,1210.370534400479
892aa844277ffff,166,184183.00534986999,1109.5361768064456
892aa84427bffff,164,322616.00226054,1967.1707454910975
892aa844283ffff,54,48698.88506259,901.8312048627778
892aa844287ffff,47,38919.53198739,828.0751486678723
892aa84428bffff,227,194358.77402048,856.2060529536564
892aa84428fffff,237,193452.21231258,816.254060390633
892aa84429bffff,71,81392.48383226,1146.3730117219718
892aa8442a3ffff,239,220561.49664174,922.8514503838494
892aa8442a7ffff,159,157154.19377367,988.3911558092453
892aa8442abffff,219,217171.3298224,991.6499078648402
892aa8442afffff,154,198215.86352104,1287.1159968898703
892aa8442b3ffff,51,65073.20247307,1275.9451465307843
892aa8442b7ffff,133,146578.04497786,1102.0905637433084
892aa8442bbffff,259,212116.94065698,818.9843268609267
892aa8442c3ffff,164,191209.96489641,1165.914420100061
892aa8442c7ffff,118,94035.84026624,796.913900561356
892aa8442cbffff,243,197215.88895576,811.5880203940741
892aa8442cfffff,82,106840.52343495001,1302.9332126213417
892aa8442d3ffff,175,140736.50536838,804.2086021050285
892aa8442d7ffff,179,186702.1416316,1043.0287241988826
892aa8442dbffff,60,165506.54858871,2758.4424764785
892aa844303ffff,16,439846.1410222,27490.3838138875
892aa84430bffff,12,204666.39254839,17055.53271236583
892aa84430fffff,2,3156.13326598,1578.06663299
892aa844313ffff,42,100405.79433489,2390.614150830714
892aa844317ffff,19,415275.77294565,21856.61962871842
892aa84431bffff,139,566737.71163154,4077.2497239679137
892aa844327ffff,1,236.60237028,236.60237028
892aa844343ffff,34,486750.15547105,14316.181043266177
892aa844347ffff,16,158827.500768,9926.718798
892aa84434bffff,41,209737.44699241998,5115.54748762
892aa84434fffff,15,204003.60359609,13600.240239739333
892aa844353ffff,99,248994.25758311,2515.093510940505
892aa844357ffff,18,148888.3766907,8271.576482816667
892aa84435bffff,171,198615.18429815,1161.4923058371346
892aa844363ffff,57,51918.89641988,910.8578319277193
892aa84436bffff,46,83281.86359795,1810.4752956076086
892aa844373ffff,13,51824.35926254,3986.4891740415383
892aa844377ffff,51,128936.68605338,2528.170314772157
892aa84437bffff,56,150717.849552,2691.3901705714284
892aa844383ffff,292,348962.53038075,1195.077158838185
892aa844387ffff,98,218610.36240284,2230.7179837024487
892aa84438bffff,202,255897.78183303,1266.8207021437129
892aa84438fffff,118,225356.14705142,1909.7978563679662
892aa844397ffff,262,293398.08244066,1119.8400093154962
892aa84439bffff,69,70577.647301,1022.8644536376812
892aa8443a3ffff,2,53641.17949506,26820.58974753
892aa8443abffff,1,15633.2489067,15633.2489067
892aa8443b3ffff,1,3828.83941847,3828.83941847
892aa8443bbffff,6,227328.74400973,37888.12400162167
892aa8443c3ffff,133,143447.96347138,1078.5561163261655
892aa8443c7ffff,175,202142.82422942,1155.101852739543
892aa8443cbffff,140,268362.02653289,1916.8716180920712
892aa8443cfffff,79,391479.61546664,4955.438170463797
892aa8443d3ffff,124,157729.91364867,1272.0154326505644
892aa8443d7ffff,263,291993.53978096,1110.2415961253232
892aa8443dbffff,170,174876.80082845,1028.6870636967647
892aa84466bffff,42,33296.39416169,792.7712895640476
892aa84466fffff,27,64252.175392200006,2379.7101997111113
892aa844803ffff,160,231995.37316212,1449.97108226325
892aa844807ffff,255,294142.91626427,1153.501632408902
892aa84480bffff,65,240144.923574,3694.537285753846
892aa84480fffff,70,123054.65081851,1757.9235831215713
892aa844813ffff,127,243294.33237877,1915.703404557244
892aa844817ffff,202,303419.31645799,1502.0758240494554
892aa84481bffff,175,120379.83572715,687.8847755837143
892aa844823ffff,5,2467.67598451,493.535196902
892aa84482bffff,170,149550.57540663,879.7092670978235
892aa844833ffff,23,39404.55557067,1713.2415465508698
892aa84483bffff,263,224902.31985413,855.1419005860456
892aa844843ffff,309,166173.7247711,537.7790445666667
892aa844847ffff,163,141929.30523024,870.7319339278527
892aa84484bffff,139,89222.84865601,641.8909975252518
892aa84484fffff,164,105874.35355529,645.5753265566464
892aa844853ffff,65,151946.3136838,2337.6355951353844
892aa844857ffff,77,105750.31650418,1373.3807338205195
892aa84485bffff,9,52502.42582943,5833.602869936667
892aa844863ffff,175,168734.60665349,964.1977523056571
892aa844867ffff,189,173001.34116988,915.3510114808466
892aa84486bffff,207,134266.31662654,648.6295489204831
892aa84486fffff,8,6251.92273305,781.49034163125
892aa844873ffff,87,142756.84548696,1640.8832814593102
892aa844877ffff,238,173599.53495847,729.4098107498739
892aa84487bffff,420,240274.52788626,572.082209253
892aa844883ffff,251,248731.89126998,990.9637102389642
892aa844887ffff,302,204045.50822939,675.6473782430132
892aa84488bffff,185,202319.08722344,1093.6166876942702
892aa84488fffff,208,272475.35680422,1309.9776769433654
892aa844893ffff,302,204447.48880648,676.9784397565562
892aa844897ffff,138,187997.27474023,1362.2990923205073
892aa84489bffff,193,221036.88281356,1145.2688228681866
892aa8448abffff,83,111106.46426087,1338.6320995285541
892aa8448b3ffff,76,44258.57950196,582.3497302889473
892aa8448bbffff,290,198686.01171264,685.1241783194482
892aa8448c3ffff,207,209209.29999629,1010.6729468419807
892aa8448c7ffff,90,139291.01210081,1547.6779122312223
892aa8448cbffff,115,206549.2073542,1796.0800639495653
892aa8448cfffff,220,207466.66771851,943.0303078114091
892aa8448d3ffff,105,253427.01214302,2413.5905918382855
892aa8448d7ffff,179,181859.4692222,1015.9746883921787
892aa8448dbffff,233,237618.38664583,1019.8214019134335
892aa844a03ffff,87,91944.66853043,1056.8352704647127
892aa844a0bffff,15,40457.09361191,2697.139574127333
892aa844a0fffff,154,202692.07869811,1316.1823292085066
892aa844a13ffff,181,239679.59112939,1324.196636073978
892aa844a17ffff,7,53811.88839701,7687.412628144286
892aa844a1bffff,36,42177.55349697,1171.5987082491667
892aa844a23ffff,116,123998.84112131,1068.9555269078448
892aa844a27ffff,113,120788.80903912999,1068.9275136206195
892aa844a2bffff,124,136024.12801758,1096.9687743353225
892aa844a2fffff,104,132444.74458925,1273.5071595120194
892aa844a37ffff,41,51231.51281245,1249.5490929865853
892aa844a3bffff,120,182909.03255560002,1524.2419379633334
892aa844a43ffff,62,1045583.4069254,16864.248498796773
892aa844a47ffff,23,150384.31491021,6538.4484743569565
892aa844a4bffff,24,675910.21658239,28162.925690932916
892aa844a63ffff,114,139269.47554019,1221.6620661420175
892aa844a67ffff,163,220485.69897512,1352.672999847362
892aa844a6fffff,168,219148.79524509,1304.4571145541072
892aa844a73ffff,78,59628.92823471,764.4734389065385
892aa844a77ffff,238,177244.53863282,744.7249522387395
892aa844a83ffff,110,174542.7157244,1586.7519611309092
892aa844a87ffff,106,187627.60724471,1770.0717664595284
892aa844a8bffff,202,204828.52786005998,1014.0026131686138
892aa844a8fffff,63,247789.17289845,3933.1614745785714
892aa844a93ffff,204,181444.14664604,889.4320914021569
892aa844a97ffff,152,206369.3249866,1357.692927543421
892aa844a9bffff,161,234753.34144846,1458.0952884997516
892aa844aafffff,1,124.15655878,124.15655878
892aa844ab3ffff,53,186013.33227094,3509.685514546038
892aa844ab7ffff,100,67374.74514516,673.7474514516001
892aa844abbffff,13,28446.448999999997,2188.188384615384
892aa844ac3ffff,5,4057.51086313,811.502172626
892aa844ac7ffff,37,37155.8518964,1004.2122134162163
892aa844ad3ffff,264,134003.70934269,507.58980811625
892aa844ad7ffff,220,137514.77641242,625.067165511
892aa844b03ffff,53,30264.62841726,571.0307248539623
892aa844b0bffff,290,275643.41456768,950.4945329919999
892aa844b13ffff,271,128807.24221006,475.30347678988926
892aa844b1bffff,409,252451.38121794,617.2405408751589
892aa844b43ffff,58,58511.355534329996,1008.8164747298275
892aa844b47ffff,119,195125.40614662,1639.709295349748
892aa844b4bffff,35,31439.99615036,898.285604296
892aa844b4fffff,142,172801.75066914,1216.9137371066197
892aa844b53ffff,147,141921.32911979,965.4512185019728
892aa844b57ffff,91,96712.65933473,1062.776476205824
892aa844b5bffff,140,136496.62027581,974.9758591129287
892aa844b63ffff,51,60789.581118199996,1191.952570945098
892aa844b6bffff,145,167892.76385177,1157.8811300122068
892aa844b6fffff,2,2582.52600683,1291.263003415
892aa844b73ffff,89,122261.91446185,1373.7293759758427
892aa844b7bffff,153,162879.00283785,1064.5686459990197
892aa844b83ffff,18,18405.03473138,1022.5019295211112
892aa844b8bffff,176,182695.52355273,1038.0427474586932
892aa844b93ffff,76,99697.0475102,1311.803256713158
892aa844b9bffff,85,81590.67173083,959.8902556568236
892aa844bc3ffff,10,25513.959711699998,2551.39597117
892aa844bc7ffff,168,126443.75985042,752.6414276810714
892aa844bcbffff,102,124254.29234032,1218.179336669804
892aa844bcfffff,101,88438.67129616,875.6304088728713
892aa844bd7ffff,1,995.87841275,995.87841275
892aa844c07ffff,17,11067.56334122,651.0331377188236
892aa844c0bffff,261,225531.04805427,864.1036323918391
892aa844c0fffff,211,195377.38588108,925.9591747918483
892aa844c23ffff,181,192333.74249562,1062.617361854254
892aa844c27ffff,106,109578.5376043,1033.7597887198112
892aa844c2bffff,156,153870.18967009,986.3473696800642
892aa844c2fffff,122,157112.34563062,1287.8061117263935
892aa844c33ffff,47,58796.77408385,1250.9951932734043
892aa844c37ffff,104,114819.02825588,1104.029117845
892aa844c3bffff,141,160801.57438502,1140.4366977660993
892aa844c43ffff,207,260809.27279897,1259.948177772802
892aa844c47ffff,411,211352.04512422,514.238552613674
892aa844c4bffff,267,194005.43413539,726.6121128666292
892aa844c4fffff,242,243435.3138082,1005.9310487942149
892aa844c53ffff,97,91674.12447204,945.0940667220618
892aa844c57ffff,142,169044.21794235,1190.4522390306338
892aa844c5bffff,108,241022.35527618,2231.6884747794443
892aa844c63ffff,54,103617.32472696,1918.8393467955555
892aa844c67ffff,126,161594.88709288,1282.499103911746
892aa844c6bffff,160,199910.35731331998,1249.43973320825
892aa844c6fffff,111,160549.10538018998,1446.3883367584683
892aa844c73ffff,220,299386.66230408,1360.8484650185453
892aa844c77ffff,89,235010.31278447,2640.5653121850564
892aa844c7bffff,127,196548.34762164,1547.6247844223622
892aa844d4bffff,204,160789.89945978,788.1857816655881
892aa844d53ffff,3,5836.1032251100005,1945.3677417033334
892aa844d5bffff,27,32042.628708930002,1186.7640262566667
892aa844dcbffff,79,55866.132959509996,707.1662399937974
892aa844e03ffff,42,149552.18059568,3560.7662046590476
892aa844e07ffff,144,327149.96662124,2271.8747682030557
892aa844e0bffff,186,269868.94868873,1450.9083262834947
892aa844e0fffff,21,88144.40065185999,4197.352411993333
892aa844e13ffff,70,102136.04449541999,1459.0863499345712
892aa844e17ffff,50,60867.63566156,1217.3527132312001
892aa844e1bffff,195,444257.05072288,2278.241285758359
892aa844e23ffff,73,138173.57881313,1892.7887508647946
892aa844e27ffff,85,218458.52629524,2570.1003093557647
892aa844e2bffff,172,271860.12025355,1580.5820944973837
892aa844e2fffff,139,139137.53126831,1000.9894335849641
892aa844e33ffff,123,102858.11784376,836.244860518374
892aa844e37ffff,204,284554.74116776,1394.876182194902
892aa844e3bffff,33,155903.64451011,4724.352863942727
892aa844e47ffff,1,77177.8794207,77177.8794207
892aa844e4fffff,136,248406.61906003,1826.5192577943383
892aa844e63ffff,357,274365.47391984,768.5307392712605
892aa844e67ffff,163,211594.97314864,1298.1286696235584
892aa844e6bffff,133,185159.23061895,1392.1746663078948
892aa844e6fffff,430,250522.45518571,582.610360897
892aa844e77ffff,18,179628.68887548,9979.371604193333
892aa844e7bffff,77,339936.83349358,4414.764071345195
892aa844e83ffff,92,116848.37968506,1270.0910835332609
892aa844e87ffff,165,225091.5632191,1364.1912922369697
892aa844e8bffff,146,143664.13799652,984.0009451816438
892aa844e8fffff,103,111891.54904024,1086.3257188372816
892aa844e93ffff,104,118299.3002696,1137.493271823077
892aa844e97ffff,160,222085.89975913,1388.0368734945625
892aa844e9bffff,85,110566.24610609,1300.779365954
892aa844ea3ffff,178,182589.54213395,1025.7839445727527
892aa844ea7ffff,192,165347.87313873,861.1868392642187
892aa844eabffff,195,145441.05682952,745.851573484718
892aa844eafffff,233,185136.39946074,794.5768217199142
892aa844eb3ffff,225,198492.2570441,882.1878090848888
892aa844eb7ffff,131,234190.25448074,1787.7118662651908
892aa844ebbffff,144,260050.28672468002,1805.904768921389
892aa844ec7ffff,7,8255.33380319,1179.3334004557144
892aa844ed7ffff,5,8510.74245408,1702.148490816
892aa845003ffff,289,346846.66489779,1200.1614702345676
892aa845007ffff,382,320137.41249965,838.0560536640052
892aa84500bffff,183,200058.80944412,1093.217537946011
892aa84500fffff,312,304586.09049505,976.2374695354167
892aa845013ffff,370,320551.63846966,866.3557796477297
892aa845017ffff,501,398084.32654129,794.5794940943912
892aa84501bffff,297,315688.70544564,1062.924934160404
892aa845023ffff,253,263304.14261096,1040.7278364069566
892aa845027ffff,356,325398.52737319,914.0408072280618
892aa84502bffff,164,387899.12891066,2365.2385909186582
892aa84502fffff,227,331465.01805678,1460.1983174307488
892aa845033ffff,330,282189.22053184,855.1188500964848
892aa845037ffff,289,243650.06958671,843.0798255595502
892aa84503bffff,321,334326.70701789,1041.5162212395328
892aa845043ffff,122,170873.2064991,1400.6000532713115
892aa845047ffff,95,206499.72277886,2173.6812924090527
892aa84504fffff,93,157215.61670311,1690.4905021839784
892aa845053ffff,186,283433.07416032,1523.833732044731
892aa845057ffff,214,207641.67443266,970.2881982834579
892aa84505bffff,14,28928.30109193,2066.307220852143
892aa845063ffff,237,263229.65754372,1110.6736605220253
892aa845067ffff,31,172195.08846191,5554.680272964839
892aa84506bffff,214,268634.66123651,1255.3021553107942
892aa84506fffff,322,335013.32864659,1040.4140641198446
892aa845073ffff,126,347436.88194661,2757.435571004841
892aa845077ffff,244,249123.09206887,1020.9962789707787
892aa84507bffff,268,291291.78465739,1086.9096442439925
892aa845083ffff,284,291109.7127268,1025.0341997422536
892aa845087ffff,351,296888.88263745,845.8372724713676
892aa84508bffff,327,383222.06957457,1171.9329344788073
892aa84508fffff,470,355627.16713403,756.6535470936809
892aa845093ffff,143,130185.13195381,910.3855381385315
892aa845097ffff,292,322442.30721413,1104.2544767607192
892aa84509bffff,254,227511.27417272,895.7136778453544
892aa8450a3ffff,118,162197.99779734,1374.5593033672883
892aa8450a7ffff,83,52622.22646157,634.0027284526506
892aa8450abffff,341,359137.77486863,1053.189955626481
892aa8450afffff,220,194053.78569042,882.0626622291818
892aa8450b3ffff,253,265731.81570791,1050.3233822447035
892aa8450b7ffff,11,29958.80510506,2723.5277368236366
892aa8450bbffff,383,326038.58333127,851.2756744941776
892aa8450c3ffff,117,216993.28299828,1854.6434444297436
892aa8450c7ffff,360,428208.29083421,1189.4674745394723
892aa8450cbffff,222,293751.53365379,1323.2051065486037
892aa8450cfffff,338,317674.61141984,939.8657142598817
892aa8450d3ffff,35,232998.15160861998,6657.090045960571
892aa8450d7ffff,386,356718.36118362,924.1408320819171
892aa8450dbffff,122,291476.10127966,2389.148371144754
892aa845107ffff,8,51981.43642448,6497.67955306
892aa845123ffff,136,278006.91468372,2044.1684903214705
892aa845127ffff,117,128656.86267104,1099.6313048806837
892aa84512bffff,68,419821.67437332,6173.848152548824
892aa84512fffff,122,95688.38030033,784.3309860682787
892aa845133ffff,17,76658.77902034,4509.339942372942
892aa845137ffff,63,72105.77280146,1144.5360762136509
892aa84513bffff,89,81564.89088641,916.45944816191
892aa845143ffff,203,197620.07713846,973.4979169382267
892aa845147ffff,123,638365.69441329,5189.96499523
892aa84514bffff,345,433234.00027911,1255.7507254466957
892aa84514fffff,346,405613.92816269,1172.2945900655782
892aa845153ffff,243,225207.55080856,926.7800444796708
892aa84515bffff,321,337424.01790657,1051.165164817975
892aa845163ffff,10,7403.16378362,740.316378362
892aa845167ffff,5,224098.30078432002,44819.660156864
892aa84516bffff,357,297662.19992549,833.7876748613165
892aa845177ffff,19,875990.64376145,46104.77072428684
892aa84517bffff,332,290529.81536491,875.089805315994
892aa845183ffff,2,19756.873661529997,9878.436830764998
892aa845187ffff,68,682183.77480343,10032.114335344559
892aa84518bffff,8,173585.38351793,21698.17293974125
892aa84518fffff,6,3657.5271626999997,609.58786045
892aa845193ffff,15,28747.212821089997,1916.4808547393332
892aa845197ffff,66,232172.57903657,3517.7663490389396
892aa84519bffff,104,186287.3337426,1791.2243629096154
892aa8451a3ffff,61,268255.88586912997,4397.637473264425
892aa8451a7ffff,206,297410.24106756,1443.7390343085435
892aa8451abffff,4,16705.85218294,4176.463045735
892aa8451afffff,163,159648.78824811,979.4404187000614
892aa8451b7ffff,88,283618.68263511,3222.939575398977
892aa8451bbffff,2,79717.91557431,39858.957787155
892aa8451cbffff,313,281256.50722138,898.5830901641534
892aa8451d3ffff,6,5889.5658717,981.5943119499999
892aa8451d7ffff,23,77698.86836933,3378.211668231739
892aa8451dbffff,300,302468.36748571,1008.2278916190334
892aa845203ffff,53,99650.03525693,1880.1893444703774
892aa84520bffff,79,152592.96893778,1931.5565688326583
892aa84520fffff,43,99210.4837269,2307.220551788372
892aa845213ffff,4,6935.79280052,1733.94820013
892aa84521bffff,53,113368.07017009,2139.0201918884904
892aa845227ffff,2,4057.5004610099995,2028.7502305049998
892aa84522bffff,58,129149.18945955,2226.71016309569
892aa84522fffff,8,32747.674605390002,4093.4593256737503
892aa845237ffff,33,75204.00004293,2278.90909221
892aa84523bffff,11,28786.821564949998,2616.983778631818
892aa845243ffff,69,154202.10989825,2234.813186931159
892aa845247ffff,112,188433.123789,1682.4386052589286
892aa84524bffff,64,307157.55103171,4799.336734870469
892aa84524fffff,50,247802.47684426,4956.0495368852
892aa845253ffff,78,137032.7843092,1756.8305680666667
892aa845257ffff,99,174476.43460018001,1762.3882282846466
892aa84525bffff,77,214466.6301564,2785.280911122078
892aa845263ffff,53,580502.78613683,10952.88275729868
892aa845267ffff,110,227648.16782315,2069.5287983922726
892aa84526bffff,27,456825.69806504,16919.470298705186
892aa84526fffff,17,254019.02254081002,14942.29544357706
892aa845273ffff,36,82197.98813593,2283.277448220278
892aa845277ffff,12,56206.78981948,4683.899151623334
892aa84527bffff,18,169594.90883082,9421.93937949
892aa84528bffff,73,162934.17506575,2231.975000900685
892aa8452a3ffff,30,49169.5713702,1638.98571234
892aa8452a7ffff,174,213793.31319268,1228.6972022567818
892aa8452afffff,46,76764.98316641,1668.8039818784785
892aa8452b3ffff,2,2441.7672507400002,1220.8836253700001
892aa8452b7ffff,120,188912.09077604,1574.2674231336666
892aa8452c3ffff,15,27148.52259766,1809.9015065106666
892aa8452cbffff,10,25034.93132777,2503.493132777
892aa8452cfffff,43,112178.46650871,2608.801546714186
892aa8452d3ffff,12,25496.95955606,2124.7466296716666
892aa8452dbffff,126,258182.99739254,2049.0714078773017
892aa845303ffff,268,469909.25370511,1753.3927377056343
892aa845307ffff,80,517359.73792757,6466.996724094625
892aa84530bffff,428,448366.57031458,1047.5854446602336
892aa84530fffff,367,455033.46753281,1239.873208536267
892aa845313ffff,274,437392.44439696,1596.322789769927
892aa845317ffff,294,415861.46636251,1414.4947835459523
892aa84531bffff,231,312431.09097702,1352.515545355065
892aa845323ffff,145,368543.48187902,2541.6791853725517
892aa845327ffff,123,751656.16313231,6111.025716522846
892aa84532bffff,172,496506.58703347,2886.6662036829653
892aa84532fffff,59,284855.77453848004,4828.063975228475
892aa845333ffff,96,353660.01247278,3683.958463258125
892aa845337ffff,252,370345.28212135,1469.6241354021824
892aa84533bffff,167,400458.11680641,2397.9527952479643
892aa845343ffff,68,80533.57302618,1184.317250385
892aa845347ffff,222,221048.02300141,995.7118153216667
892aa84534bffff,23,48396.334658859996,2104.1884634286953
892aa845353ffff,5,13868.77535345,2773.75507069
892aa845357ffff,296,292519.23410546,988.2406557616891
892aa84535bffff,9,21777.45202371,2419.7168915233333
892aa845363ffff,10,50023.205306690004,5002.320530669001
892aa845367ffff,258,516175.86192646,2000.681635373876
892aa84536bffff,50,40854.09263823,817.0818527646001
892aa84536fffff,75,110803.43040146,1477.3790720194668
892aa845373ffff,270,253046.24384592,937.2083105404444
892aa845377ffff,235,368915.91189353,1569.8549442277872
892aa845383ffff,356,350701.74029805,985.1172480282303
892aa845387ffff,305,471024.28056725,1544.3419034991803
892aa84538bffff,243,324621.70183231,1335.8917770876956
892aa84538fffff,356,368449.05343799,1034.969251230309
892aa845393ffff,160,374753.21761111,2342.2076100694376
892aa845397ffff,293,1251291.85050877,4270.62065020058
892aa84539bffff,372,396230.82354909,1065.1366224437904
892aa8453a3ffff,466,484484.67301856,1039.666680297339
892aa8453a7ffff,462,373399.83435795,808.2247496925326
892aa8453abffff,209,482982.22021467,2310.9197139457897
892aa8453afffff,305,404905.61219858,1327.5593842576393
892aa8453b3ffff,340,403372.73883562,1186.390408340059
892aa8453b7ffff,388,474930.86349504,1224.0486172552578
892aa8453bbffff,388,494323.63300484,1274.029981971237
892aa8453c3ffff,147,165252.96508529,1124.1698305121768
892aa8453c7ffff,8,156572.76198962,19571.5952487025
892aa8453cbffff,77,127953.52325231,1661.734068211818
892aa8453cfffff,21,32945.86281268,1568.8506101276191
892aa8453d3ffff,241,268048.39430425,1112.2340012624481
892aa8453d7ffff,101,143421.88337201,1420.0186472476237
892aa8453dbffff,137,186182.25915094,1358.9945923426276
892aa845403ffff,154,266165.6523551,1728.348391916234
892aa845407ffff,272,384045.25893425,1411.9310990229778
892aa84540bffff,96,338489.22172201,3525.929392937604
892aa84540fffff,129,193906.66527177,1503.1524439672094
892aa845413ffff,71,71540.65840301,1007.6149070846479
892aa845417ffff,134,106438.22857606,794.3151386273134
892aa84541bffff,130,252479.23409179001,1942.1479545522309
892aa845423ffff,20,268404.59328086,13420.229664043
892aa845427ffff,72,96034.12285869,1333.80726192625
892aa84542bffff,153,196409.93511071,1283.7250660830719
892aa84542fffff,185,199267.92939022,1077.1239426498378
892aa845433ffff,198,303413.96201951,1532.3937475732828
892aa845437ffff,154,188795.95538324,1225.9477622288312
892aa84543bffff,121,386976.21512046,3198.15053818562
892aa845443ffff,173,199959.10569752,1155.83298091052
892aa845447ffff,200,173800.54654842,869.0027327421001
892aa84544bffff,184,247235.15081602999,1343.6692979132065
892aa84544fffff,234,260293.38640615,1112.3648991715813
892aa845453ffff,97,181510.38069481,1871.2410380908248
892aa845457ffff,154,220140.99561358002,1429.4869845037663
892aa84545bffff,145,197267.85203129,1360.4679450433794
892aa845463ffff,340,268002.55033316,788.2427950975293
892aa845467ffff,317,264813.22824351,835.3729597587067
892aa84546bffff,240,215041.47797719,896.0061582382916
892aa84546fffff,303,268508.82061793,886.16772481165
892aa845473ffff,68,449116.54915649,6604.655134654265
892aa845477ffff,201,250466.00783889001,1246.099541487015
892aa84547bffff,452,293982.30231684,650.403323709823
892aa8454a7ffff,3,8355.23145737,2785.0771524566667
892aa8454abffff,114,107463.74464333,942.6644266958773
892aa8454afffff,172,154155.5626614,896.2532712872094
892aa8454c7ffff,3,19787.65412528,6595.884708426667
892aa8454cbffff,80,165991.14652876,2074.8893316095
892aa8454cfffff,59,258673.23461004999,4384.2921120347455
892aa845503ffff,128,142263.91750737999,1111.4368555264061
892aa845507ffff,311,183799.12713438,590.9939779240514
892aa84550bffff,23,295496.96345039003,12847.694063060437
892aa84550fffff,316,230056.34817757,728.0264182834494
892aa845513ffff,355,251146.63833445,707.4553192519718
892aa845517ffff,169,118116.58095359,698.9146801987574
892aa84551bffff,222,197270.15531284,888.604303210991
892aa845523ffff,37,244571.65365418998,6610.044693356486
892aa845527ffff,222,172420.85499444001,776.670517992973
892aa84552bffff,193,194420.53980725,1007.3603098821243
892aa84552fffff,148,228736.43064331,1545.5164232656082
892aa845533ffff,262,192813.45556454,735.9292197119847
892aa845537ffff,189,159536.49448432,844.1084364249735
892aa84553bffff,351,222640.64382618,634.3038285646154
892aa845543ffff,72,143356.18306702,1991.0580981530557
892aa845547ffff,8,11031.05789268,1378.882236585
892aa84554bffff,394,301673.40023611,765.6685285180457
892aa84554fffff,233,259079.93634262,1111.9310572644636
892aa845553ffff,60,162463.85713923,2707.7309523205
892aa845557ffff,20,134528.73175069,6726.4365875345
892aa84555bffff,212,221204.22826941,1043.4161710821227
892aa845563ffff,7,91558.20990973999,13079.744272819999
892aa845567ffff,48,110135.36461707001,2294.4867628556253
892aa84556bffff,236,182203.25685419,772.0476985347034
892aa84556fffff,146,174844.63136544,1197.5659682564383
892aa845573ffff,40,203391.22395481,5084.78059887025
892aa845577ffff,106,81089.80931591,764.9982010934905
892aa84557bffff,56,87399.29238499,1560.7016497319642
892aa84558bffff,135,103727.27532241,768.3501875734074
892aa84558fffff,168,161201.92183108,959.5352489945237
892aa8455a3ffff,178,130306.99012014,732.0617422479776
892aa8455a7ffff,108,87459.29211494,809.8082603235185
892aa8455abffff,405,248196.59411898,612.831096590074
892aa8455afffff,81,80558.0236413,994.5435017444444
892aa8455b7ffff,7,3863.9430281100003,551.9918611585715
892aa8455bbffff,119,115246.95618924,968.4618167163025
892aa8455c3ffff,249,191316.42212572,768.3390446816064
892aa8455c7ffff,378,243577.60764098,644.3852053994179
892aa8455cbffff,285,261961.2643085,919.1623309070175
892aa8455cfffff,140,243361.91338806,1738.2993813432856
892aa8455d3ffff,33,22437.91841634,679.9369217072726
892aa8455d7ffff,125,73223.6257182,585.7890057456
892aa8455dbffff,292,213571.64420372,731.4097404236986
892aa845613ffff,1,2852.5621812,2852.5621812
892aa845617ffff,133,167818.98958488,1261.79691417203
892aa845623ffff,90,100686.37679777,1118.7375199752223
892aa845627ffff,199,260161.40195943,1307.3437284393467
892aa84562fffff,9,10618.32437181,1179.81381909
892aa845633ffff,29,97057.15321065,3346.7983865741376
892aa845637ffff,138,198388.14356639,1437.59524323471
892aa84563bffff,1,2424.81248147,2424.81248147
892aa84564bffff,79,208867.17647091,2643.8883097583544
892aa84564fffff,33,57027.71094943,1728.1124530130303
892aa84565bffff,58,84615.95115757,1458.8957096132758
892aa84566bffff,4,1843.52618357,460.8815458925
892aa845683ffff,24,437714.89048065,18238.12043669375
892aa845687ffff,76,526252.99670237,6924.3815355575
892aa84568fffff,131,155038.83624537,1183.5025667585496
892aa845693ffff,11,256735.60776027,23339.600705479093
892aa845697ffff,9,263223.26168845,29247.029076494444
892aa84569bffff,54,96731.07011858,1791.316113307037
892aa8456a3ffff,327,270600.61462786,827.5248153757187
892aa8456a7ffff,101,373285.36921989,3695.894744751386
892aa8456abffff,139,240207.11828273,1728.1087646239569
892aa8456afffff,73,247551.93258319,3391.122364153288
892aa8456b3ffff,205,187523.40469099,914.7483155658049
892aa8456b7ffff,180,238407.48030832,1324.4860017128888
892aa8456bbffff,170,221300.50282283,1301.767663663706
892aa845803ffff,34,655956.81886012,19292.84761353294
892aa845807ffff,325,436096.24582636,1341.8346025426463
892aa84580bffff,19,715962.64153941,37682.2442915479
892aa84580fffff,2,4365.878019700001,2182.9390098500003
892aa845813ffff,158,510889.50774176,3233.4778970997468
892aa845817ffff,407,374399.75084395,919.9011077246929
892aa84581bffff,24,604938.78543376,25205.78272640667
892aa845823ffff,266,632168.39346992,2376.572907781654
892aa845827ffff,361,405978.45225338,1124.5940505633794
892aa84582fffff,46,508733.01670707006,11059.413406675436
892aa845833ffff,256,274495.05487264,1072.24630809625
892aa845837ffff,403,413523.33505619,1026.1124939359552
892aa84583bffff,81,570449.65280387,7042.588306220618
892aa845843ffff,44,674341.18465797,15325.936014953862
892aa845847ffff,29,305846.40265312,10546.427677693793
892aa84584bffff,121,640301.26536714,5291.745994769752
892aa84584fffff,21,390747.29703173,18607.014144368095
892aa845853ffff,25,218299.21670512,8731.9686682048
892aa845857ffff,25,1081007.62641735,43240.305056694
892aa84585bffff,46,554222.73728865,12048.320375840218
892aa845863ffff,4,88673.3015159,22168.325378975
892aa84586bffff,1,39490.0928699,39490.0928699
892aa845873ffff,17,444801.67878704,26164.804634531763
892aa845877ffff,5,124694.25235536,24938.850471072
892aa84587bffff,10,672257.43599001,67225.743599001
892aa845883ffff,364,341296.40098316,937.6274752284615
892aa845887ffff,383,601116.40506166,1569.4945301871019
892aa84588bffff,301,382934.77696996,1272.2085613619934
892aa84588fffff,332,398660.73859749,1200.7853572213555
892aa845893ffff,62,80252.14874318,1294.389495857742
892aa845897ffff,313,270230.7143709,863.3569149230033
892aa84589bffff,289,337880.71995909,1169.1374393048097
892aa8458a3ffff,370,358593.19046172,969.1707850316757
892aa8458a7ffff,520,414458.12713615,797.0348598772116
892aa8458abffff,413,404070.14603385,978.3780775638014
892aa8458afffff,358,385469.80467781,1076.7312979827095
892aa8458b3ffff,326,1271534.5199827598,3900.412637983926
892aa8458b7ffff,431,395557.17326903,917.7660632692111
892aa8458bbffff,371,381813.28631494,1029.1463242990296
892aa8458c3ffff,38,394314.58056073,10376.699488440263
892aa8458c7ffff,11,286272.21598351,26024.74690759182
892aa8458cbffff,89,105069.42907165,1180.555382827528
892aa8458cfffff,73,270698.09937956,3708.193142185753
892aa8458d3ffff,37,869065.04176278,23488.24437196703
892aa8458d7ffff,118,1802276.63469133,15273.530802468898
892aa8458dbffff,270,398376.68210028,1475.469192964
892aa845903ffff,193,616756.83752449,3195.6312825103105
892aa845907ffff,258,238290.50539093,923.6066100423643
892aa84590bffff,293,359650.8528327,1227.4773134221844
892aa84590fffff,107,110133.79113006,1029.287767570654
892aa845913ffff,287,1181579.02555419,4117.000089038989
892aa845917ffff,324,300125.09432488,926.3120195212346
892aa84591bffff,353,385314.74625495,1091.5431905239377
892aa845927ffff,69,161017.90824287,2333.5928730850724
892aa84592bffff,43,62884.91436955,1462.4398690593023
892aa84593bffff,10,98282.46032217001,9828.246032217
892aa845943ffff,380,328898.16375227,865.5214835586053
892aa845947ffff,204,309315.28200169,1516.2513823612255
892aa84594bffff,297,243342.97441936,819.3366142065993
892aa84594fffff,223,258515.69676962,1159.2632142135426
892aa845953ffff,214,536779.04971111,2508.313316407056
892aa845957ffff,372,422423.67243345,1135.5475065415324
892aa84595bffff,234,356668.60229711,1524.2247961414957
892aa845963ffff,9,24954.56512453,2772.729458281111
892aa845967ffff,4,86628.14240297,21657.0356007425
892aa84596bffff,35,1266667.05090409,36190.48716868829
892aa845973ffff,58,160794.40567737,2772.317339265
892aa845977ffff,29,364117.50170228997,12555.77592076862
892aa84597bffff,141,398093.31533650996,2823.3568463582264
892aa845983ffff,368,293422.27988715,797.3431518672554
892aa845987ffff,228,172374.24733863,756.0274006080263
892aa84598bffff,334,348706.49281163997,1044.0314156037125
892aa84598fffff,466,336247.51315905,721.5611870365881
892aa845993ffff,295,273000.65820211,925.4259600071524
892aa845997ffff,171,216019.45226510998,1263.2716506731579
892aa84599bffff,346,310234.35792506,896.6310922689595
892aa8459abffff,184,156877.16331197,852.5932788694023
892aa8459b3ffff,9,5742.6274815100005,638.0697201677779
892aa8459b7ffff,9,20210.77000098,2245.64111122
892aa8459bbffff,172,137481.68354737,799.3121136474999
892aa8459c3ffff,460,352735.90321713,766.8171809068043
892aa8459c7ffff,421,361824.16111309,859.4398126201663
892aa8459cbffff,411,380023.8405952,924.6322155600974
892aa8459cfffff,422,368836.77462617,874.0207929530095
892aa8459d3ffff,288,281467.71927559,977.3184697069096
892aa8459d7ffff,445,394560.94808889,886.6538159300899
892aa8459dbffff,364,338251.60270999,929.2626448076649
892aa845a03ffff,5,217687.93172494002,43537.586344988005
892aa845a07ffff,9,1696735.58121238,188526.17569026444
892aa845a0bffff,27,175878.47703784998,6514.017668068518
892aa845a13ffff,36,747544.38057521,20765.12168264472
892aa845a17ffff,22,667207.16487092,30327.598403223637
892aa845a1bffff,14,115283.05401744999,8234.503858389286
892aa845a27ffff,18,580581.803836,32254.544657555558
892aa845a2fffff,20,458378.09639037,22918.9048195185
892aa845a33ffff,1,304633.643422,304633.643422
892aa845a37ffff,33,675756.2253879,20477.46137539091
892aa845a3bffff,14,14011.05075164,1000.7893394028571
892aa845a43ffff,29,761157.61901307,26246.814448726553
892aa845a47ffff,16,623288.04061824,38955.50253864
892aa845a4bffff,84,444244.62946434,5288.626541242143
892aa845a4fffff,16,336270.60412504,21016.912757815
892aa845a53ffff,27,1000138.57471571,37042.16943391519
892aa845a57ffff,35,791258.8567193401,22607.39590626686
892aa845a5bffff,27,660874.5258134999,24476.834289388888
892aa845a6fffff,30,31438.92095264,1047.9640317546666
892aa845a73ffff,15,153871.53061013998,10258.102040675998
892aa845a7bffff,6,411748.5866145,68624.76443575
892aa845a83ffff,62,1544978.67952828,24919.010960133546
892aa845a87ffff,123,2064950.30010827,16788.213822018457
892aa845a8bffff,23,693230.05694942,30140.437258670434
892aa845a8fffff,31,702120.47263348,22649.047504305807
892aa845a93ffff,64,1166084.53372503,18220.070839453594
892aa845a97ffff,24,672662.81280071,28027.61720002958
892aa845a9bffff,52,609423.3858494,11719.680497103845
892aa845aa3ffff,26,780752.87605744,30028.956771439996
892aa845aa7ffff,2,46275.9822602,23137.9911301
892aa845aabffff,12,1414538.8761509298,117878.23967924416
892aa845ab3ffff,28,922883.42413098,32960.122290392144
892aa845ab7ffff,16,403495.04933416,25218.440583385
892aa845abbffff,54,825284.31123044,15283.042800563704
892aa845ac3ffff,40,730978.16564522,18274.4541411305
892aa845ac7ffff,36,521269.47524315,14479.707645643057
892aa845acbffff,34,1028373.79992961,30246.288233223822
892aa845acfffff,49,787830.73742854,16078.178314868164
892aa845ad3ffff,39,613992.16673036,15743.388890522052
892aa845ad7ffff,65,867034.94267727,13338.999118111848
892aa845adbffff,88,712664.83163173,8098.463995815113
892aa845b03ffff,29,918211.1705251499,31662.454156039654
892aa845b07ffff,60,600983.76488958,10016.396081493
892aa845b0bffff,48,475062.43125895,9897.133984561458
892aa845b0fffff,48,926997.67850801,19312.45163558354
892aa845b13ffff,51,201426.32401617,3949.535765022941
892aa845b17ffff,115,245733.13975146,2136.8099108822607
892aa845b1bffff,179,209358.8005324,1169.6022376111732
892aa845b23ffff,53,130612.04526333,2464.3782125156604
892aa845b27ffff,16,518611.40649963,32413.212906226876
892aa845b2bffff,2,30577.2539778,15288.6269889
892aa845b33ffff,149,176214.88704842,1182.650248647114
892aa845b37ffff,154,359496.93680945,2334.395693567857
892aa845b3bffff,153,340285.90839416,2224.0909045369935
892aa845b43ffff,11,88845.9927246,8076.908429509091
892aa845b47ffff,51,1416084.39361611,27766.360659139413
892aa845b4fffff,64,304653.19385019003,4760.206153909219
892aa845b53ffff,19,595872.46786916,31361.708835218946
892aa845b57ffff,105,204715.58125216,1949.6722024015237
892aa845b5bffff,8,299318.5865525,37414.8233190625
892aa845b77ffff,5,22071.4931525,4414.2986304999995
892aa845b83ffff,42,83609.03915339,1990.6914084140476
892aa845b87ffff,58,257267.15409696,4435.640587878621
892aa845b8bffff,19,771627.99853908,40611.99992310948
892aa845b8fffff,37,173970.51472536,4701.905803388108
892aa845b93ffff,17,359442.00390885,21143.647288755885
892aa845b97ffff,248,305466.37352508,1231.719248085
892aa845b9bffff,5,264011.90214801,52802.380429601995
892aa845ba3ffff,44,1429535.90221842,32489.45232314591
892aa845ba7ffff,15,243653.20923598,16243.547282398667
892aa845babffff,117,363457.65412904,3106.4756763165815
892aa845bafffff,133,873385.75553293,6566.810191976918
892aa845bb3ffff,27,601511.10873784,22278.189212512592
892aa845bb7ffff,83,305134.10264023003,3676.3144896413255
892aa845bbbffff,34,496825.45962435,14612.513518363236
892aa845bc3ffff,41,1070967.79415193,26121.16571102268
892aa845bc7ffff,70,1870623.95644408,26723.199377772573
892aa845bcbffff,9,440191.11067117,48910.12340790778
892aa845bcfffff,15,1080134.8223862199,72008.98815908133
892aa845bd7ffff,6,460325.20906471,76720.86817745167
892aa845c03ffff,29,263796.1325701,9096.418364486208
892aa845c07ffff,25,79133.68145169,3165.3472580676003
892aa845c0bffff,1,525495.435362,525495.435362
892aa845c13ffff,42,380645.54352694,9062.98913159381
892aa845c17ffff,7,682730.9828319399,97532.99754741999
892aa845c1bffff,24,1501765.28286432,62573.553452680004
892aa845c23ffff,14,12618.436890160001,901.3169207257143
892aa845c27ffff,382,417474.26225856,1092.8645608862828
892aa845c2bffff,62,840547.21718208,13557.21318035613
892aa845c2fffff,102,94517.06132814,926.6378561582353
892aa845c33ffff,143,276655.16584536,1934.6515094081121
892aa845c37ffff,272,362208.68421107,1331.6495743054045
892aa845c43ffff,217,269940.36641,1243.9648221658988
892aa845c47ffff,201,338952.76283166,1686.3321533913431
892aa845c4bffff,144,127954.74765095,888.5746364649306
892aa845c4fffff,256,455350.53012612,1778.7130083051563
892aa845c53ffff,356,425409.42274649,1194.9702886137359
892aa845c57ffff,95,254121.78738463,2674.9661829961055
892aa845c5bffff,112,86796.16261374,774.9657376226786
892aa845c63ffff,21,192320.17194452998,9158.10342593
892aa845c67ffff,125,1277111.8079464,10216.8944635712
892aa845c6bffff,61,484514.97236980003,7942.868399504919
892aa845c6fffff,51,1445189.14124022,28337.041985102354
892aa845c73ffff,23,73132.47291841,3179.6727355830435
892aa845c77ffff,30,567003.36497225,18900.112165741666
892aa845c7bffff,190,302750.93227556,1593.4259593450527
892aa845c83ffff,178,232601.97378596,1306.7526617188764
892aa845c87ffff,263,224427.37573202,853.3360293993156
892aa845c8bffff,76,267199.61232989,3515.784372761711
892aa845c8fffff,279,332789.01515167,1192.7921690024016
892aa845c93ffff,116,178063.34641192,1535.0288483786208
892aa845c97ffff,160,159100.04163858,994.375260241125
892aa845c9bffff,96,116384.03456367001,1212.3336933715625
892aa845ca3ffff,21,491327.17371692,23396.532081758098
892aa845ca7ffff,2,64673.5965071,32336.79825355
892aa845cabffff,72,205184.0474848,2849.7784372888887
892aa845cafffff,145,316210.81990307,2180.764275193586
892aa845cb3ffff,26,78177.94581038,3006.84406963
892aa845cb7ffff,13,130748.64046502,10057.58772807846
892aa845cbbffff,32,645077.38953037,20158.668422824063
892aa845cc3ffff,41,296058.55942802,7220.940473854145
892aa845cc7ffff,69,608290.45942855,8815.803759834058
892aa845ccbffff,237,378054.61443189,1595.1671495016456
892aa845ccfffff,9,101236.68980817,11248.521089796668
892aa845cd3ffff,148,285719.63564215,1930.5380786631758
892aa845cd7ffff,209,288207.37401582,1378.982650793397
892aa845cdbffff,408,364192.25963043,892.6280873294853
892aa845d03ffff,376,365456.56747402,971.9589560479255
892aa845d07ffff,476,370705.15080573,778.7923336254833
892aa845d0bffff,276,357196.06551071,1294.1886431547464
892aa845d0fffff,287,292218.9408372,1018.1844628473867
892aa845d13ffff,234,284193.93253751,1214.5039852030343
892aa845d17ffff,44,334164.58516758,7594.649662899546
892aa845d1bffff,124,165897.25243803998,1337.8810680487095
892aa845d23ffff,11,16947.19865092,1540.654422810909
892aa845d27ffff,6,212462.95814886,35410.49302481
892aa845d2bffff,46,173056.38320864,3762.095287144348
892aa845d2fffff,19,775282.86800564,40804.36147398105
892aa845d33ffff,30,24992.58611982,833.086203994
892aa845d3bffff,232,206428.36387046,889.7774304761207
892aa845d43ffff,350,436413.45752939,1246.8955929411143
892aa845d47ffff,300,352478.45176575,1174.9281725525
892aa845d4bffff,413,386268.43807057,935.2746684517433
892aa845d4fffff,464,411413.45135655,886.6669210270474
892aa845d53ffff,377,349546.67355456,927.1795054497612
892aa845d57ffff,157,275471.59167343,1754.5961253084713
892aa845d5bffff,311,318581.00031835,1024.3762068114147
892aa845d63ffff,451,310506.2486219,688.4839215563193
892aa845d67ffff,328,369285.27104925,1125.869728808689
892aa845d6bffff,418,401182.51409647,959.7667801350957
892aa845d6fffff,400,344835.36710784,862.0884177696
892aa845d73ffff,290,310334.46138618,1070.118832366138
892aa845d77ffff,330,287872.4432505,872.3407371227273
892aa845d7bffff,424,349109.4599413,823.3713677860849
892aa845d8bffff,67,156054.72555881,2329.1750083404477
892aa845d8fffff,5,57223.70562804,11444.741125608
892aa845dabffff,148,101924.90879841,688.681816205473
892aa845dbbffff,3,8969.87448217,2989.9581607233335
892aa845dc3ffff,181,180294.81731237,996.1039630517679
892aa845dc7ffff,428,341364.41167659,797.580401113528
892aa845dcbffff,258,383060.33690201,1484.7299879922869
892aa845dcfffff,386,382475.47357416,990.8691025237306
892aa845dd3ffff,39,22321.42227489,572.3441608946154
892aa845dd7ffff,17,24539.13294675,1443.478408632353
892aa845ddbffff,26,49838.07864285,1916.8491785711537
892aa845e03ffff,338,535345.34193052,1583.8619583743196
892aa845e07ffff,378,363740.91177367,962.2775443747884
892aa845e0bffff,450,574740.77133588,1277.2017140797334
892aa845e0fffff,141,352142.28151868,2497.4629894941845
892aa845e13ffff,183,427295.64401871,2334.9488744191804
892aa845e17ffff,366,365443.80041559,998.4803290043443
892aa845e1bffff,164,813292.09087027,4959.098115062622
892aa845e23ffff,238,291497.80597867,1224.7806973893698
892aa845e27ffff,149,427768.19136904,2870.9274588526173
892aa845e2bffff,95,277022.75327878,2916.0289818818947
892aa845e2fffff,176,393414.28336983,2235.3084282376703
892aa845e33ffff,271,310867.30844464997,1147.1118392791511
892aa845e37ffff,124,273312.47734623,2204.1328818244356
892aa845e3bffff,260,581061.11142595,2234.850428561346
892aa845e43ffff,167,1162528.20458044,6961.24673401461
892aa845e47ffff,307,427750.16619636,1393.3230169262542
892aa845e4bffff,233,340249.10503942,1460.2965881520172
892aa845e4fffff,394,656623.18501515,1666.5563071450508
892aa845e53ffff,439,543020.09135812,1236.9478163055126
892aa845e57ffff,278,421792.18966041,1517.238092303633
892aa845e5bffff,153,397075.4704265,2595.2645125915033
892aa845e63ffff,217,336748.50988050003,1551.836451062212
892aa845e67ffff,260,470627.52110317,1810.1058503968077
892aa845e6bffff,158,629480.14402187,3984.051544442215
892aa845e6fffff,90,928077.18523148,10311.968724794222
892aa845e73ffff,145,345354.98487858,2381.758516404
892aa845e77ffff,262,891737.78959143,3403.5793495856105
892aa845e7bffff,386,1794294.10071541,4648.430312734223
892aa845e83ffff,258,288404.14703131,1117.8455311291086
892aa845e87ffff,444,409206.41553628,921.6360710276577
892aa845e8bffff,57,430740.83764862,7556.856800852983
892aa845e8fffff,245,334573.33895187,1365.6054651096733
892aa845e93ffff,28,26706.00846589,953.7860166389286
892aa845e97ffff,366,319471.24530751,872.8722549385519
892aa845e9bffff,5,34055.92468362,6811.184936724001
892aa845ea3ffff,449,401083.7152268,893.2822165407573
892aa845ea7ffff,252,305856.63247225,1213.7167955248017
892aa845eabffff,347,319257.87955299,920.0515260893085
892aa845eafffff,402,402192.9782201,1000.4800453236318
892aa845eb3ffff,363,386652.76493558,1065.1591320539394
892aa845eb7ffff,194,241149.87173709,1243.0405759643813
892aa845ebbffff,378,407316.01547275,1077.5555964887567
892aa845ec3ffff,65,257013.54865714,3954.054594725231
892aa845ec7ffff,44,730054.57786821,16592.149497004775
892aa845ecbffff,206,384800.00000221,1867.961165059272
892aa845ecfffff,159,399242.93632255,2510.9618636638365
892aa845ed3ffff,171,246895.24871155,1443.831863810234
892aa845ed7ffff,34,457307.10446865,13450.208954960295
892aa845edbffff,433,438873.25750399,1013.5641050900463
892aa84c593ffff,28,28820.77514696,1029.3133981057142
892aa84c597ffff,104,124815.2320173,1200.1464617048077
892aa84c5b3ffff,11,17649.279926310002,1604.4799933009092
892aa84c5b7ffff,21,27907.26542932,1328.9174013961904
892aa84e027ffff,48,42308.86161908,881.4346170641667
892aa84e037ffff,3,3378.98942526,1126.32980842
892aa84e0a7ffff,29,268686.86781953,9265.06440757
892aa84e0b7ffff,3,50987.668258909995,16995.889419636664
892aa84e103ffff,98,240928.57379955,2458.4548346892857
892aa84e107ffff,51,170599.6107886,3345.090407619608
892aa84e10bffff,234,204727.92373626,874.9056569925641
892aa84e10fffff,148,254580.44413734,1720.138136063108
892aa84e113ffff,127,300372.46443485003,2365.1375152350397
892aa84e117ffff,51,356138.38621903997,6983.105612138039
892aa84e11bffff,245,301464.47965686,1230.467263905551
892aa84e123ffff,23,222142.8890429,9658.386480126088
892aa84e127ffff,20,139507.22504275,6975.361252137501
892aa84e12bffff,19,307794.20739218,16199.69512590421
892aa84e12fffff,45,406473.11851696996,9032.735967043776
892aa84e133ffff,87,249938.53309331,2872.856702221954
892aa84e137ffff,17,377959.81389595,22232.93022917353
892aa84e13bffff,37,63033.66871623,1703.6126680062162
892aa84e143ffff,192,184839.06122547,962.7034438826563
892aa84e147ffff,215,193347.30382194,899.2897852183256
892aa84e14bffff,209,208702.44768005,998.5763046892345
892aa84e14fffff,196,210434.68801493,1073.6463674231122
892aa84e153ffff,213,193087.33240202,906.5132976620657
892aa84e157ffff,234,190926.68064322,815.9259856547864
892aa84e15bffff,147,127793.17866038,869.3413514311565
892aa84e163ffff,99,108028.06639028,1091.192589800808
892aa84e167ffff,55,205208.8830016,3731.070600029091
892aa84e16bffff,116,170742.24659778,1471.9159189463794
892aa84e16fffff,91,141768.09144694,1557.8911148015384
892aa84e173ffff,242,180282.50060091,744.9690107475619
892aa84e177ffff,81,145378.49645474998,1794.7962525277776
892aa84e17bffff,176,177476.89852136,1008.3914688713637
892aa84e183ffff,28,144610.49342219,5164.660479363928
892aa84e187ffff,118,148734.09596431,1260.4584403755084
892aa84e18bffff,121,117326.85790891999,969.6434537927272
892aa84e18fffff,12,9394.390703430001,782.8658919525001
892aa84e193ffff,168,223375.04472833,1329.6133614781547
892aa84e197ffff,93,170040.82024788,1828.395916643871
892aa84e19bffff,140,213601.20489118,1525.7228920798573
892aa84e1a3ffff,235,229032.28026839,974.6054479505957
892aa84e1a7ffff,165,234653.93644598,1422.1450693695758
892aa84e1abffff,231,238303.48920593,1031.6168363893073
892aa84e1afffff,276,219353.48633872,794.7590084736231
892aa84e1b3ffff,136,193874.297458,1425.5463048382353
892aa84e1b7ffff,106,153607.86571009,1449.1308085857547
892aa84e1bbffff,191,194931.3476808,1020.5829721507854
892aa84e1c3ffff,152,183091.59652562,1204.549977142237
892aa84e1c7ffff,143,173668.32539245,1214.463813933217
892aa84e1cbffff,194,161581.91295679,832.8964585401546
892aa84e1cfffff,208,183844.13442421,883.866030885625
892aa84e1d3ffff,155,329888.49106804,2128.3128456002582
892aa84e1d7ffff,180,262312.3821866,1457.2910121477778
892aa84e1dbffff,101,177838.18739151,1760.774132589208
892aa84e327ffff,26,261100.09173641,10042.311220631153
892aa84e32fffff,53,385952.49194135,7282.122489459433
892aa84e337ffff,48,300491.13400964,6260.2319585341675
892aa84e387ffff,24,22852.3526483,952.1813603458332
892aa84e3a3ffff,109,251069.63668516,2303.391162249174
892aa84e3a7ffff,86,151106.39576335,1757.0511135273257
892aa84e3abffff,7,16275.32197232,2325.045996045714
892aa84e3afffff,42,100531.38606574001,2393.604430136667
892aa84e3b3ffff,149,208104.28875654,1396.673078902953
892aa84e3b7ffff,73,250235.5252405,3427.8839074041093
892aa84e3bbffff,23,53631.29290723,2331.795343792609
892aa84e503ffff,158,172165.49138159,1089.6550087442404
892aa84e507ffff,206,232005.33101334,1126.2394709385437
892aa84e50bffff,125,198101.70862982,1584.81366903856
892aa84e50fffff,165,219129.07270006,1328.0549860609697
892aa84e513ffff,165,180402.37261114,1093.3477127947879
892aa84e517ffff,145,223853.00042674,1543.8137960464828
892aa84e51bffff,154,194958.12425537,1265.9618458140908
892aa84e523ffff,174,159998.02177967,919.5288608027012
892aa84e527ffff,75,131561.833456,1754.1577794133332
892aa84e52bffff,253,299428.69321337,1183.5126213967194
892aa84e52fffff,147,196993.51534098,1340.0919410951021
892aa84e533ffff,195,184399.57780455,945.6388605361539
892aa84e537ffff,56,116028.9486859,2071.9455122482145
892aa84e53bffff,198,200284.83905516,1011.5395911876768
892aa84e547ffff,85,137240.82431917,1614.5979331667058
892aa84e557ffff,13,61095.03876594,4699.618366610769
892aa84e563ffff,200,219428.24177102,1097.1412088550999
892aa84e567ffff,153,211124.65080126,1379.899678439608
892aa84e56bffff,193,206103.68610716,1067.8947466692227
892aa84e56fffff,206,237738.18997847,1154.068883390631
892aa84e573ffff,124,300771.16103323,2425.573879300242
892aa84e577ffff,142,306532.82365468,2158.6818567230985
892aa84e57bffff,164,184577.23151726,1125.4709238857317
892aa84e583ffff,181,180638.76381306,998.0042199616576
892aa84e587ffff,167,157566.07768917,943.5094472405389
892aa84e58bffff,179,197390.05489081,1102.7377368201676
892aa84e58fffff,216,209699.1469158,970.8293838694444
892aa84e593ffff,139,155834.5639309,1121.1119707258993
892aa84e597ffff,170,181201.55768854,1065.8915158149412
892aa84e59bffff,165,163991.37017102,993.8870919455758
892aa84e5a3ffff,193,187961.48347476,973.8936967604145
892aa84e5a7ffff,43,87844.91946888,2042.905103927442
892aa84e5abffff,211,205706.42452202,974.9119645593365
892aa84e5afffff,180,161134.14543355998,895.1896968531111
892aa84e5b3ffff,179,196791.73070401,1099.3951435978213
892aa84e5b7ffff,59,215263.53358995,3648.534467626271
892aa84e5bbffff,189,165741.60126356,876.9396892251852
892aa84e5c7ffff,141,150944.04823945,1070.5251648187943
892aa84e5d7ffff,50,54360.00097585,1087.200019517
892aa84e803ffff,7,84797.2915983,12113.898799757142
892aa84e80bffff,296,221192.63525491,747.272416401723
892aa84e80fffff,261,213678.32495212,818.6909001996935
892aa84e813ffff,235,233877.45754591,995.223223599617
892aa84e817ffff,110,273616.03233964,2487.4184758149095
892aa84e81bffff,7,15795.86866534,2256.552666477143
892aa84e833ffff,12,151934.71021596,12661.225851329998
892aa84e837ffff,33,42496.79507668,1287.781668990303
892aa84e83bffff,3,16286.361904,5428.787301333333
892aa84e843ffff,100,164873.18216449,1648.7318216448998
892aa84e847ffff,157,224874.09634692,1432.3190850122294
892aa84e84bffff,21,23682.99717723,1127.7617703442859
892aa84e84fffff,25,27007.270641490002,1080.2908256596002
892aa84e853ffff,17,48219.00283011,2836.4119311829413
892aa84e857ffff,51,124786.34649224,2446.7911076909804
892aa84e85bffff,45,267115.41585305,5935.898130067778
892aa84e863ffff,19,32125.15855737,1690.7978188089473
892aa84e873ffff,107,219935.44970235,2055.471492545327
892aa84e877ffff,170,180803.89770621,1063.552339448294
892aa84e87bffff,103,200340.37826033,1945.0522161197089
892aa84e883ffff,241,214355.73520981,889.4428846880082
892aa84e887ffff,312,688446.72207875,2206.5600066626603
892aa84e88bffff,217,173847.70579876,801.1415013767742
892aa84e88fffff,445,308219.43255276,692.627938320809
892aa84e893ffff,69,350432.49020249,5078.7317420650725
892aa84e897ffff,9,213863.94832884,23762.660925426666
892aa84e89bffff,404,410225.73896811,1015.4102449705694
892aa84e8a3ffff,291,266205.17874662,914.7944286825431
892aa84e8a7ffff,439,489901.78216648,1115.9493899008658
892aa84e8abffff,107,1080177.77735963,10095.119414575982
892aa84e8afffff,401,421436.69779551,1050.9643336546385
892aa84e8b3ffff,374,349692.29043017,935.0061241448396
892aa84e8b7ffff,345,381182.95138162,1104.8781199467246
892aa84e8bbffff,355,344524.70065296,970.4921145153803
892aa84e8c3ffff,26,106109.01182578,4081.115839453077
892aa84e8c7ffff,106,165049.4950368,1557.0707078943396
892aa84e8cbffff,35,89444.00814022,2555.5430897205715
892aa84e8cfffff,10,35231.94442512,3523.1944425119996
892aa84e8d3ffff,88,271892.50730678,3089.687583031591
892aa84e8d7ffff,300,282047.57414816,940.1585804938667
892aa84e907ffff,2,805.99936344,402.99968172
892aa84e927ffff,8,17107.59903648,2138.44987956
892aa84e983ffff,180,245278.04940101,1362.655830005611
892aa84e987ffff,15,280599.346699,18706.623113266665
892aa84e98bffff,39,242618.52740817,6220.987882260769
892aa84e98fffff,10,154335.16458379,15433.516458379
892aa84e993ffff,115,553218.02344494,4810.591508216869
892aa84e997ffff,115,1282870.99779704,11155.399980843826
892aa84e99bffff,44,308889.07522156,7020.206255035455
892aa84e9a3ffff,18,140512.10768179,7806.228204543888
892aa84e9b3ffff,17,1000414.53514493,58847.913832054706
892aa84e9b7ffff,4,486684.68600835,121671.1715020875
892aa84e9bbffff,13,1011421.82161394,77801.67858568768
892aa84e9c3ffff,86,153602.9198582,1786.080463467442
892aa84e9d3ffff,244,762395.32494002,3124.571003852541
892aa84e9d7ffff,70,604908.95718954,8641.556531279144
892aa84e9dbffff,177,407160.39415261,2300.3412099017514
892aa84ea83ffff,5,10125.29885162,2025.059770324
892aa84ea87ffff,8,11440.18161544,1430.02270193
892aa84ea93ffff,151,246789.06838121,1634.3646912662914
892aa84ea97ffff,110,189880.41654528,1726.1856049570908
892aa84eab7ffff,5,1786.42959109,357.285918218
892aa84ec03ffff,115,152602.86951851,1326.981474074
892aa84ec07ffff,124,197165.85194183,1590.0471930792744
892aa84ec0bffff,36,296637.64402966003,8239.934556379445
892aa84ec0fffff,64,87228.26050208,1362.941570345
892aa84ec13ffff,83,154834.14916803,1865.471676723253
892aa84ec17ffff,39,87483.00290483,2243.153920636667
892aa84ec1bffff,143,220856.85922491,1544.4535610133566
892aa84ec23ffff,20,41313.32762002,2065.666381001
892aa84ec27ffff,13,109371.38436182,8413.183412447692
892aa84ec2bffff,5,5795.20840486,1159.041680972
892aa84ec2fffff,12,46291.3938062,3857.616150516667
892aa84ec33ffff,82,171675.53014347,2093.604026139878
892aa84ec37ffff,70,151321.5770211,2161.736814587143
892aa84ec3bffff,67,160430.4783901,2394.484752091045
892aa84ec43ffff,95,128558.52785844001,1353.2476616677895
892aa84ec47ffff,157,301764.67578398,1922.0679986240764
892aa84ec4bffff,3,2474.8618313,824.9539437666667
892aa84ec4fffff,21,270461.09441154,12879.099733882858
892aa84ec53ffff,34,236095.3385973,6943.980546979412
892aa84ec57ffff,130,420790.77090058,3236.852083850615
892aa84ec5bffff,7,98089.78270209,14012.826100298571
892aa84ec63ffff,110,289058.14699845,2627.801336349545
892aa84ec67ffff,89,163255.09672678,1834.326929514382
892aa84ec6bffff,60,191673.28600186,3194.5547666976663
892aa84ec6fffff,331,347044.15812437,1048.4717768107855
892aa84ec73ffff,72,187544.82537325998,2604.7892412952774
892aa84ec77ffff,128,203177.30919447,1587.3227280817969
892aa84ec7bffff,204,338474.45081544,1659.1884843894118
892aa84ec83ffff,109,358607.48588336003,3289.976934709725
892aa84ec87ffff,83,237551.65826936,2862.0681719199997
892aa84ec8bffff,175,222657.50572955,1272.328604168857
892aa84ec8fffff,129,223872.234933,1735.4436816511627
892aa84ec93ffff,4,15360.32445151,3840.0811128775
892aa84ec97ffff,13,119279.52145616,9175.34780432
892aa84ec9bffff,93,262572.89573764,2823.364470297204
892aa84eca3ffff,208,347103.36956749,1668.766199843702
892aa84eca7ffff,215,656520.20839037,3053.5823646063723
892aa84ecabffff,94,235458.43164224,2504.8769323642555
892aa84ecafffff,214,299606.92213903,1400.0323464440655
892aa84ecb3ffff,8,141089.87471789,17636.23433973625
892aa84ecb7ffff,136,378027.42819509003,2779.613442610956
892aa84ecbbffff,49,172400.415943,3518.3758355714285
892aa84ecc3ffff,247,249699.3857501,1010.9286872473683
892aa84ecc7ffff,161,212603.91077007,1320.521184907267
892aa84eccbffff,69,149131.91364871,2161.3320818653624
892aa84eccfffff,174,214640.76373335,1233.567607662931
892aa84ecd3ffff,34,120048.17067285,3530.8285492014707
892aa84ecd7ffff,165,154022.62305161,933.4704427370302
892aa84ecdbffff,49,107762.34352533,2199.231500516939
892aa84ed03ffff,153,316291.82111304003,2067.266804660392
892aa84ed07ffff,149,446953.62026692,2999.6887266236245
892aa84ed0bffff,38,93782.33570091,2467.9562026555263
892aa84ed0fffff,60,174950.83300152002,2915.8472166920005
892aa84ed13ffff,173,478064.17340607,2763.376724890578
892aa84ed17ffff,200,428928.66524929,2144.64332624645
892aa84ed1bffff,172,335623.71824935003,1951.3006874962211
892aa84ed23ffff,72,1224840.98926167,17011.680406412084
892aa84ed27ffff,31,661838.36557615,21349.624696004837
892aa84ed2bffff,49,1272900.61212745,25977.563512805104
892aa84ed2fffff,94,2074047.8156602,22064.338464470213
892aa84ed33ffff,200,505882.09878782,2529.4104939391
892aa84ed37ffff,65,539514.2501401,8300.219232924615
892aa84ed3bffff,94,265394.80888772,2823.3490307204256
892aa84ed43ffff,1,256.12421626,256.12421626
892aa84ed47ffff,59,62876.46464148,1065.7027905335594
892aa84ed4bffff,40,93211.51322672,2330.287830668
892aa84ed4fffff,193,192031.84736972,994.9836651280829
892aa84ed53ffff,19,100048.57476301001,5265.714461211053
892aa84ed57ffff,94,234553.51995302,2495.2502122661704
892aa84ed5bffff,31,124611.50451105,4019.7259519693553
892aa84ed63ffff,462,423492.82282876,916.6511316639827
892aa84ed67ffff,125,291545.69446361,2332.36555570888
892aa84ed6bffff,353,482555.27206587,1367.0121021696034
892aa84ed6fffff,279,745622.53654331,2672.4822098326526
892aa84ed73ffff,199,258801.90316808,1300.5120762215074
892aa84ed77ffff,66,119805.51445840001,1815.2350675515154
892aa84ed7bffff,391,474528.79668838,1213.6286360316624
892aa84ed83ffff,266,524131.1247101,1970.417762068045
892aa84ed87ffff,421,487396.96801656,1157.712513103468
892aa84ed8bffff,168,394743.6072586,2349.664328920238
892aa84ed8fffff,129,778075.47101378,6031.592798556434
892aa84ed93ffff,745,1681752.6441188,2257.386099488322
892aa84ed97ffff,202,357442.04161751,1769.5150575124258
892aa84ed9bffff,259,443670.20079245,1713.0123582720078
892aa84eda3ffff,299,572891.33786371,1916.0245413502007
892aa84eda7ffff,92,419808.74440603,4563.1385261525
892aa84edabffff,186,386591.74206377,2078.450226149301
892aa84edafffff,113,995605.0630560301,8810.664274832125
892aa84edb3ffff,200,363411.65810477,1817.05829052385
892aa84edb7ffff,274,433382.80994959,1581.6890874072628
892aa84edbbffff,340,481554.39208671,1416.3364473138531
892aa84edc3ffff,4,11422.947960649999,2855.7369901624998
892aa84edc7ffff,51,129910.46462816,2547.2640123168626
892aa84edcbffff,48,144015.35888097,3000.3199766868747
892aa84edcfffff,49,102538.19367931,2092.6161975369387
892aa84edd3ffff,90,196197.66507697,2179.974056410778
892aa84edd7ffff,68,119563.0850851,1758.2806630161765
892aa84eddbffff,30,678632.43246885,22621.081082295
892aa84ee03ffff,21,56010.94439445,2667.187828307143
892aa84ee07ffff,38,77206.01858708,2031.7373312389475
892aa84ee0bffff,83,148663.15713936,1791.1223751730122
892aa84ee0fffff,69,116019.72740408,1681.4453246968114
892aa84ee13ffff,51,115701.02231303,2268.6474963339215
892aa84ee17ffff,71,133735.46168898,1883.5980519574648
892aa84ee1bffff,69,147778.44141827,2141.7165422937683
892aa84ee23ffff,95,186571.37783252,1963.9092403423158
892aa84ee27ffff,31,63205.72890261,2038.8944807293547
892aa84ee2bffff,100,163866.76470912,1638.6676470912
892aa84ee2fffff,75,139748.20448565,1863.309393142
892aa84ee33ffff,58,152015.24800395,2620.952551792241
892aa84ee37ffff,21,93469.43207879,4450.925337085238
892aa84ee3bffff,65,139826.68117564,2151.1797103944614
892aa84ee43ffff,125,196901.59750522,1575.21278004176
892aa84ee47ffff,135,203529.28548979,1507.6243369614074
892aa84ee4bffff,121,173690.38503207,1435.4577275377685
892aa84ee4fffff,167,212371.45956133,1271.6853865947905
892aa84ee53ffff,78,149919.86690862,1922.0495757515384
892aa84ee57ffff,126,197324.75215732,1566.0694615660318
892aa84ee5bffff,90,175791.39083449,1953.237675938778
892aa84ee63ffff,114,148373.99594569,1301.5262802253508
892aa84ee67ffff,76,105681.14794362,1390.5414203107896
892aa84ee73ffff,158,240074.65971753,1519.4598716299367
892aa84ee77ffff,77,101471.63030323,1317.8133805614286
892aa84ee7bffff,97,116458.02670816,1200.5982134861856
892aa84ee83ffff,213,218320.77185684,1024.980149562629
892aa84ee87ffff,126,361382.37911638,2868.1141199712697
892aa84ee8bffff,35,89342.92839084,2552.6550968811425
892aa84ee8fffff,159,196127.42506959,1233.5058180477358
892aa84ee93ffff,76,672236.28857955,8845.214323415132
892aa84ee97ffff,391,435340.07836656,1113.4017349528388
892aa84eea3ffff,65,104206.35176151,1603.1746424847693
892aa84eea7ffff,18,81434.8156557,4524.156425316667
892aa84eeabffff,56,102343.74509341,1827.5668766680358
892aa84eeafffff,39,60360.61816917,1547.708158183846
892aa84eeb3ffff,28,147005.50073251,5250.1964547325
892aa84eeb7ffff,7,92635.54281529,13233.648973612857
892aa84eebbffff,97,151599.61730729,1562.8826526524742
892aa84eec3ffff,62,132097.93651553,2130.611879282742
892aa84eec7ffff,40,109761.33672512,2744.033418128
892aa84eecbffff,70,156656.58448897,2237.951206985286
892aa84eecfffff,56,137082.58800909,2447.9033573051784
892aa84eed3ffff,111,159655.87820498,1438.3412450899098
892aa84eed7ffff,52,108845.74335947,2093.1873722975
892aa84eedbffff,75,138609.21574364,1848.1228765818666
892aa878423ffff,53,377692.68397925,7126.277056212265
892aa878427ffff,68,513931.47062823,7557.815744532794
892aa87842bffff,8,18689.86621087,2336.23327635875
892aa878433ffff,7,20915.40346361,2987.9147805157145
892aa87843bffff,102,1332094.97474072,13059.754654320783
892aa878483ffff,19,61181.68244667,3220.0885498247367
892aa878487ffff,29,36679.39682396,1264.8067870331035
892aa87848bffff,187,267361.79067273,1429.7421961108557
892aa87848fffff,51,68912.0184617,1351.2160482686274
892aa878493ffff,3,7084.49686541,2361.4989551366666
892aa878497ffff,32,30936.97554376,966.7804857425
892aa87849bffff,6,12946.50234075,2157.7503901249997
892aa8784abffff,27,256077.32609282,9484.345410845186
892aa8784b3ffff,22,101333.37641916,4606.062564507273
892aa8784b7ffff,5,50659.522650800005,10131.904530160002
892aa8784bbffff,139,205021.41438594,1474.9742042153957
892aa8785c3ffff,93,494438.65982975,5316.544729352151
892aa8785cbffff,9,88586.76414372,9842.973793746667
892aa8785dbffff,21,166138.10274252,7911.338225834285
892aa87a003ffff,82,154407.15527963,1883.0140887759758
892aa87a007ffff,55,120468.33671101999,2190.333394745818
892aa87a00bffff,142,151127.54942201,1064.2785170564084
892aa87a00fffff,79,152044.32188644,1924.6116694486077
892aa87a013ffff,176,131676.71051516,748.1631279270455
892aa87a017ffff,49,188154.06296464,3839.878836013061
892aa87a01bffff,9,8483.2946854,942.5882983777778
892aa87a023ffff,6,28973.20511875,4828.867519791666
892aa87a02bffff,39,179118.01872374,4592.769710865128
892aa87a02fffff,18,160239.92026967,8902.217792759444
892aa87a043ffff,84,200166.16393516,2382.930523037619
892aa87a047ffff,147,154248.0386264,1049.3063852136054
892aa87a04bffff,207,207773.66399946,1003.737507243768
892aa87a04fffff,131,218938.69274613,1671.2877308864886
892aa87a053ffff,17,333861.36198037,19638.90364590412
892aa87a057ffff,15,243743.87970679,16249.591980452667
892aa87a05bffff,43,80331.88398379,1868.1833484602325
892aa87a063ffff,68,180663.61306855,2656.8178392433824
892aa87a067ffff,124,167829.24316225,1353.461638405242
892aa87a06bffff,89,256869.66249639,2886.1759831055056
892aa87a06fffff,4,33865.02221414,8466.255553535
892aa87a073ffff,209,268762.70769127,1285.9459698146889
892aa87a077ffff,38,202401.50408846998,5326.35537074921
892aa87a07bffff,153,232658.3854186,1520.643041951634
892aa87a083ffff,356,266885.98291204,749.6797272810113
892aa87a087ffff,115,185021.31822585,1608.8810280508696
892aa87a08bffff,222,287416.45305782,1294.6687074676577
892aa87a08fffff,139,221923.37471329,1596.5710411028056
892aa87a093ffff,55,49614.53978461,902.0825415383637
892aa87a097ffff,71,121654.30394481,1713.4409006311269
892aa87a09bffff,33,149008.31065903,4515.403353303939
892aa87a0a3ffff,34,91452.1005384,2689.7676628941176
892aa87a0abffff,42,57245.11966737,1362.9790396992857
892aa87a0afffff,64,48291.70705995,754.5579228117188
892aa87a0b3ffff,184,165389.06129451,898.8535939919021
892aa87a0bbffff,133,208381.32577873,1566.776885554361
892aa87a0c3ffff,25,92091.17500776,3683.6470003104
892aa87a0c7ffff,72,305390.98904916,4241.541514571666
892aa87a0cbffff,9,38561.00652712,4284.556280791111
892aa87a0d3ffff,67,198131.61482064,2957.188280905075
892aa87a0d7ffff,23,143475.14028464,6238.049577593043
892aa87a0dbffff,39,124832.53187588,3200.8341506635898
892aa87a203ffff,12,125493.83170853001,10457.819309044167
892aa87a207ffff,23,97683.85402471,4247.12408803087
892aa87a20bffff,219,320532.13962299,1463.6170759040638
892aa87a20fffff,41,462266.89170339,11274.802236668049
892aa87a213ffff,21,578530.78344566,27549.08492598381
892aa87a217ffff,16,53609.70620694,3350.60663793375
892aa87a21bffff,16,17800.25810099,1112.516131311875
892aa87a223ffff,9,11737.72107598,1304.1912306644444
892aa87a227ffff,121,178765.43302427,1477.4002729278511
892aa87a22fffff,150,281742.55102765,1878.2836735176668
892aa87a237ffff,70,158322.16119713,2261.745159959
892aa87a23bffff,31,160385.59032248,5173.72872008
892aa87a257ffff,51,48525.78892836,951.4860574188235
892aa87a267ffff,307,605463.99895544,1972.1954363369382
892aa87a26fffff,1221,3897480.41046746,3192.039648212498
892aa87a273ffff,73,171739.54451407,2352.5965001927398
892aa87a277ffff,7,104574.32933416001,14939.18990488
892aa87a283ffff,89,101036.55827836,1135.2422278467416
892aa87a287ffff,138,143448.03833012,1039.478538624058
892aa87a28bffff,8,24159.81337166,3019.9766714575
892aa87a293ffff,8,5180.53439018,647.5667987725
892aa87a297ffff,86,98909.88399533,1150.114930178256
892aa87a2a3ffff,93,183584.59904179,1974.027946685914
892aa87a2a7ffff,59,248302.51400586002,4208.517186540001
892aa87a2abffff,36,34785.75734217,966.2710372825
892aa87a2afffff,163,246993.20097755,1515.2957115187116
892aa87a2b3ffff,200,212520.18610371,1062.60093051855
892aa87a2b7ffff,149,253105.45732807,1698.6943444836913
892aa87a2bbffff,16,19555.54109541,1222.221318463125
892aa87a2c3ffff,6,6460.755741659999,1076.79262361
892aa87a2c7ffff,13,365065.76271957,28081.981747659232
892aa87a2cfffff,3,6840.8571003,2280.2857000999998
892aa87a303ffff,209,238763.5581539,1142.4093691574162
892aa87a30bffff,50,174626.19606529,3492.5239213058
892aa87a30fffff,95,106904.34521108,1125.3088969587368
892aa87a313ffff,79,170070.29097488,2152.7884933529112
892aa87a31bffff,88,189009.30219597,2147.832979499659
892aa87a343ffff,176,373930.05212463,2124.602568889943
892aa87a347ffff,61,116788.52791336,1914.5660313665574
892aa87a34bffff,202,251655.37603152,1245.8186932253466
892aa87a34fffff,244,232350.31107831,952.2553732717623
892aa87a353ffff,96,257642.08942143002,2683.7717648065627
892aa87a357ffff,49,139415.69196996,2845.2182034685716
892aa87a35bffff,218,284792.80824782,1306.3890286597248
892aa87a363ffff,50,40188.842159859996,803.7768431971999
892aa87a36bffff,56,214612.12831712,3832.3594342342853
892aa87a373ffff,14,345088.9312297,24649.20937355
892aa87a377ffff,6,13833.97847025,2305.663078375
892aa87a37bffff,92,185812.63325073,2019.7025353340216
892aa87a383ffff,164,192849.01895529,1175.9086521664024
892aa87a38bffff,141,169326.40262108,1200.896472489929
892aa87a38fffff,108,163862.24479641,1517.2430073741666
892aa87a393ffff,369,316984.6219106,859.0369157468834
892aa87a397ffff,24,20913.6266687,871.4011111958333
892aa87a39bffff,123,179815.09426258,1461.9113354681301
892aa87a3c3ffff,59,65671.22671892,1113.071639303729
892aa87a3c7ffff,167,193711.84569174,1159.9511718068263
892aa87a3cbffff,128,150071.48838645,1172.4335030191405
892aa87a3cfffff,77,104766.10926826,1360.5988216657142
892aa87a3d3ffff,12,31079.62245396,2589.96853783
892aa87a3d7ffff,78,158240.31424022,2028.7219774387179
892aa87a3dbffff,83,180972.01676924,2180.385744207711
892aa87a403ffff,24,90992.08285222,3791.336785509167
892aa87a407ffff,139,529491.26328271,3809.2896639043884
892aa87a40bffff,32,56932.53641698,1779.141763030625
892aa87a40fffff,119,130539.4238359,1096.9699482008402
892aa87a413ffff,34,63909.98897263,1879.7055580185295
892aa87a417ffff,58,113300.0596054,1953.4493035413793
892aa87a41bffff,199,264993.39861634,1331.6251186750753
892aa87a423ffff,71,186785.74449989,2630.7851338012674
892aa87a427ffff,139,180332.97827373,1297.359555926115
892aa87a42bffff,48,175155.64176978,3649.0758702037497
892aa87a42fffff,126,138432.84845042,1098.6734004001587
892aa87a433ffff,34,236600.60756303,6958.8413989126475
892aa87a437ffff,81,219978.50096268,2715.783962502222
892aa87a43bffff,73,230464.89235596,3157.0533199446577
892aa87a443ffff,217,295823.00340842,1363.2396470434103
892aa87a447ffff,206,328683.96589244,1595.5532324875728
892aa87a44bffff,217,263192.43172772,1212.8683489756684
892aa87a44fffff,113,183461.17837706,1623.5502511244247
892aa87a453ffff,300,294472.24277041,981.5741425680334
892aa87a457ffff,204,259211.92854500999,1270.6467085539705
892aa87a45bffff,269,303949.70438532,1129.92455161829
892aa87a463ffff,91,146790.91771148,1613.0870078184614
892aa87a467ffff,74,72036.11536183,973.4610184031081
892aa87a46bffff,135,161585.39144685998,1196.928825532296
892aa87a46fffff,66,107626.51536777,1630.7047782995455
892aa87a473ffff,29,28732.47645534,990.7750501841379
892aa87a477ffff,7,32715.70778619,4673.672540884286
892aa87a47bffff,46,97453.96757954,2118.5645125986957
892aa87a483ffff,158,257162.45207541,1627.610456173481
892aa87a487ffff,63,62315.20265388,989.1302008552381
892aa87a48bffff,126,221636.17016966,1759.0172235687303
892aa87a48fffff,31,49913.45623837,1610.1114915603227
892aa87a493ffff,137,158400.48878299,1156.207947321095
892aa87a497ffff,66,129476.14292453,1961.7597412807575
892aa87a49bffff,147,245527.08098885,1670.25225162483
892aa87a4a3ffff,169,170278.9546425,1007.5677789497041
892aa87a4a7ffff,193,195618.89258434,1013.5693916287047
892aa87a4abffff,86,2816838.40453741,32753.934936481513
892aa87a4afffff,69,132800.32287265,1924.6423604731883
892aa87a4b3ffff,175,182549.87369857,1043.1421354204
892aa87a4b7ffff,158,163735.72520136,1036.3020582364557
892aa87a4bbffff,115,133540.48159077,1161.2215790501741
892aa87a4c3ffff,217,256928.20647616,1184.0009515030415
892aa87a4c7ffff,186,215983.78715739,1161.2031567601614
892aa87a4cbffff,168,303003.29541424,1803.5910441323808
892aa87a4cfffff,336,242612.54590051,722.0611485134226
892aa87a4d3ffff,177,218429.72221812,1234.066227221017
892aa87a4d7ffff,238,265320.16982646,1114.7906295229411
892aa87a4dbffff,208,150579.53437846,723.9400691272115
892aa87a54bffff,200,175801.14010967,879.00570054835
892aa87a54fffff,66,98919.75046477,1498.7840979510606
892aa87a553ffff,79,152076.12075152,1925.0141867281013
892aa87a55bffff,36,142373.49788776,3954.819385771111
892aa87a5c3ffff,8,8325.38818077,1040.67352259625
892aa87a5cbffff,53,169246.77496523,3193.335376702453
892aa87a5d3ffff,92,92186.93801386999,1002.0319349333695
892aa87a5dbffff,114,177786.46179817,1559.530366650614
892aa87a603ffff,14,55866.71471617,3990.479622583571
892aa87a607ffff,67,169909.96913822,2535.9696886301494
892aa87a60fffff,5,21774.14651252,4354.829302504
892aa87a613ffff,14,49859.72604307,3561.4090030764282
892aa87a617ffff,7,66649.37432542999,9521.339189347142
892aa87a61bffff,1,830.38121593,830.38121593
892aa87a62fffff,104,945793.87484433,9094.171873503174
892aa87a633ffff,62,168517.09771745,2718.0177051201613
892aa87a637ffff,13,75755.63258726,5827.356352866153
892aa87a643ffff,19,217394.6626124,11441.824348021051
892aa87a64bffff,71,576757.4347999,8123.344152111268
892aa87a653ffff,10,115295.54732648,11529.554732648
892aa87a65bffff,7,3900.08733139,557.1553330557143
892aa87a687ffff,90,254159.17343161,2823.9908159067777
892aa87a68fffff,3,5184.30308061,1728.10102687
892aa87a697ffff,53,154611.22604323,2917.192944211887
892aa87a6a3ffff,248,334950.20288667997,1350.6056568011288
892aa87a6a7ffff,110,241850.97553642,2198.645232149273
892aa87a6abffff,82,284942.64341716,3474.910285575122
892aa87a6afffff,234,264498.45865581,1130.3352934008974
892aa87a6b3ffff,279,301734.10226324,1081.4842375026524
892aa87a6b7ffff,234,206615.25639077,882.9711811571367
892aa87a6bbffff,78,244600.94847326,3135.9095958110256
892aa87a6cbffff,5,11683.33493128,2336.666986256
892aa87a6d3ffff,5,66059.86891501,13211.973783001999
892aa87a6d7ffff,16,95212.14186751,5950.758866719375
892aa87a6dbffff,13,475965.76118043996,36612.75086003384
892aa87b5b7ffff,114,1198598.12849596,10514.018671017193
