h3_index,building_count,total_area,distance_km
892aa840823ffff,1,1888.0171752,2.914372451051909
892aa840827ffff,64,133912.05655972,2.5797502827240297
892aa84082fffff,9,22329.8852626,2.732199531572546
892aa840903ffff,15,42404.98420165,1.5363765242864282
892aa840907ffff,40,141756.32418164,1.2551755895974492
892aa84090bffff,127,171268.62623035,1.5891148103380501
892aa84090fffff,192,187364.50850633,1.2690330222121118
892aa84091bffff,12,14177.4947669,1.8374709615431326
892aa840933ffff,125,131269.80675019,1.0106010906225376
892aa840943ffff,115,137984.35428431,2.054515119242579
892aa840947ffff,127,161478.1812827,1.7162322573217534
892aa84094bffff,67,142078.55599255,2.2419656328567625
892aa84094fffff,50,102951.35211898,1.9028800348413806
892aa840953ffff,57,121803.46802488,2.2466854391969644
892aa840957ffff,134,163791.09439572,1.9159840394737429
892aa84095bffff,98,236912.84900504,2.3932219897040468
892aa840963ffff,130,145211.15118316,1.2258331122235195
892aa84096bffff,8,10245.64997327,1.4743635981203225
892aa840973ffff,155,179962.40555495,1.3786769302451496
892aa840977ffff,192,186480.80527079,1.042544652033409
892aa84097bffff,55,131364.28570108,1.5640905742330165
892aa840b07ffff,87,168297.58924409,2.679942381276603
892aa840b0fffff,9,22184.28369619,3.0007176725483427
892aa840b17ffff,6,17310.55908188,2.6794439064498983
892aa840b23ffff,56,114752.36393441,2.4594515124977443
892aa840b27ffff,41,66904.83418449,2.2175420105496073
892aa840b2bffff,77,112104.07113855,2.790205706172123
892aa840b2fffff,150,182902.27432994999,2.5700805038284855
892aa840b33ffff,75,126289.2182272,2.3914120374508703
892aa840b3bffff,89,169607.31284919,2.722345523191411
892aa840b67ffff,75,93550.00584564,2.6633752710289738
892aa840b77ffff,50,64348.66838819,2.990657655188378
892aa840b87ffff,50,96984.24583913,2.467209995442324
892aa840b97ffff,38,69883.27243033,2.5812352681256323
892aa840babffff,3,7178.66863133,2.3696388940043507
892aa840bb3ffff,67,111244.22614218,2.1334904341341265
892aa840bb7ffff,6,7206.30978222,1.8020350463857857
892aa84404fffff,15,14415.309149730001,1.9208988718374442
892aa844063ffff,37,76492.7053329,1.395846475388494
892aa844067ffff,57,122494.79089466,1.1930517399709077
892aa84406bffff,190,165257.75853573,1.3472724948429446
892aa84406fffff,36,224485.55645332,1.0772374756442933
892aa84407bffff,48,38722.59720707,1.6443456998583854
892aa844123ffff,18,30692.76567007,1.241450634145345
892aa844127ffff,43,47724.43677263,1.194178886731346
892aa84412bffff,142,184635.18409314,1.0381005628328999
892aa84414bffff,34,320582.55368218,1.1094648079238287
892aa844173ffff,1,56.05686738,1.502726366502793
892aa844177ffff,12,37515.27659128,1.2460910182782283
892aa844207ffff,159,212390.36861072,1.06209463234205
892aa844213ffff,142,195847.68781814998,1.1989059003572837
892aa844217ffff,199,163162.41516315,1.2690975217873803
892aa844233ffff,208,276672.78976775,1.1813312350070468
892aa844237ffff,155,167076.88114058,1.0150759627067707
892aa844283ffff,54,48698.88506259,1.8038516279395493
892aa844287ffff,47,38919.53198739,1.8592002772298377
892aa84428bffff,227,194358.77402048,1.4557225890270635
892aa84428fffff,237,193452.21231258,1.5229619465486073
892aa84429bffff,71,81392.48383226,1.58723451910812
892aa8442a3ffff,239,220561.49664174,1.6507444780054314
892aa8442a7ffff,159,157154.19377367,1.391778482928624
892aa8442abffff,219,217171.3298224,1.4192686297547044
892aa8442afffff,154,198215.86352104,1.328365366928086
892aa8442b3ffff,51,65073.20247307,1.953460640907727
892aa8442b7ffff,133,146578.04497786,1.6432664215789883
892aa8442bbffff,259,212116.94065698,1.619366861124304
892aa8442c7ffff,118,94035.84026624,1.1133548060736764
892aa8442d3ffff,175,140736.50536838,1.0676762398748092
892aa8442d7ffff,179,186702.1416316,1.230557226977465
892aa844327ffff,1,236.60237028,1.2519557307945308
892aa844397ffff,262,293398.08244066,1.0318229877071512
892aa8443d3ffff,124,157729.91364867,1.0736149299067117
892aa8443dbffff,170,174876.80082845,1.1160573450955993
892aa84466bffff,42,33296.39416169,1.3197475997419275
892aa84466fffff,27,64252.175392200006,1.4195972979985092
892aa844807ffff,255,294142.91626427,1.1139162543686008
892aa84480fffff,70,123054.65081851,1.0761532745780826
892aa844823ffff,5,2467.67598451,1.6746528013677113
892aa84482bffff,170,149550.57540663,1.6485048962041664
892aa844833ffff,23,39404.55557067,1.441704909701413
892aa84483bffff,263,224902.31985413,1.3661007720730043
892aa84484bffff,139,89222.84865601,1.2450664759292223
892aa84484fffff,164,105874.35355529,1.2404918497998796
892aa844863ffff,175,168734.60665349,1.485450751967138
892aa844867ffff,189,173001.34116988,1.6987144045256362
892aa84486bffff,207,134266.31662654,1.6610761647903451
892aa84486fffff,8,6251.92273305,1.8189685493545362
892aa844873ffff,87,142756.84548696,1.1534194719151285
892aa844877ffff,238,173599.53495847,1.3816351391031976
892aa84487bffff,420,240274.52788626,1.3257522835079176
892aa844887ffff,302,204045.50822939,1.1208560981961515
892aa844897ffff,138,187997.27474023,1.1975900521863894
892aa8448abffff,83,111106.46426087,1.2563794227182803
892aa8448b3ffff,76,44258.57950196,1.4221436162197296
892aa8448bbffff,290,198686.01171264,1.1421102985844436
892aa844a03ffff,87,91944.66853043,1.3132853303228746
892aa844a0bffff,15,40457.09361191,1.1711367711014904
892aa844a13ffff,181,239679.59112939,1.6493796576786612
892aa844a17ffff,7,53811.88839701,1.5273673933296685
892aa844a1bffff,36,42177.55349697,1.4973063617449072
892aa844a27ffff,113,120788.80903912999,1.0421825507957723
892aa844a37ffff,41,51231.51281245,1.246681521567295
892aa844a43ffff,62,1045583.4069254,1.0763324218712285
892aa844a47ffff,23,150384.31491021,1.1284404865309705
892aa844a83ffff,110,174542.7157244,1.6919882412874625
892aa844a87ffff,106,187627.60724471,1.5784907007027555
892aa844a8bffff,202,204828.52786005998,1.9854924668026417
892aa844a8fffff,63,247789.17289845,1.8584849121560445
892aa844a93ffff,204,181444.14664604,1.504505136270405
892aa844a97ffff,152,206369.3249866,1.3385643320625995
892aa844a9bffff,161,234753.34144846,1.8612471953103318
892aa844aafffff,1,124.15655878,1.499401910011145
892aa844ab3ffff,53,186013.33227094,1.5331807865161842
892aa844ab7ffff,100,67374.74514516,1.561996047744657
892aa844abbffff,13,28446.448999999997,1.7877253346768704
892aa844ac3ffff,5,4057.51086313,1.7948206206412949
892aa844ac7ffff,37,37155.8518964,1.827094286328732
892aa844ad3ffff,264,134003.70934269,2.037707616908819
892aa844ad7ffff,220,137514.77641242,2.1423164134759918
892aa844b03ffff,53,30264.62841726,2.132744842361872
892aa844b0bffff,290,275643.41456768,1.813388660322205
892aa844b13ffff,271,128807.24221006,2.2001101371703626
892aa844b1bffff,409,252451.38121794,1.8587337095528484
892aa844b43ffff,58,58511.355534329996,1.2035295907983843
892aa844b47ffff,119,195125.40614662,1.5109842348468303
892aa844b4fffff,142,172801.75066914,1.2380158308983082
892aa844b53ffff,147,141921.32911979,1.2610070291058388
892aa844b57ffff,91,96712.65933473,1.5245408057399745
892aa844b63ffff,51,60789.581118199996,1.8644201827217164
892aa844b6bffff,145,167892.76385177,1.5322466599325992
892aa844b6fffff,2,2582.52600683,1.6177061667574437
892aa844b73ffff,89,122261.91446185,1.8296763424516478
892aa844b7bffff,153,162879.00283785,1.5709111057874594
892aa844b83ffff,18,18405.03473138,2.257850043268602
892aa844b8bffff,176,182695.52355273,2.3147901924659458
892aa844b93ffff,76,99697.0475102,1.948023441905307
892aa844b9bffff,85,81590.67173083,2.021936069345784
892aa844bc3ffff,10,25513.959711699998,1.756174115832052
892aa844bc7ffff,168,126443.75985042,1.9614480731415156
892aa844bcbffff,102,124254.29234032,1.3991691357163474
892aa844bcfffff,101,88438.67129616,1.6097331927938925
892aa844bd7ffff,1,995.87841275,2.11318867345192
892aa844c07ffff,17,11067.56334122,1.7862269639555675
892aa844c0bffff,261,225531.04805427,1.5672079391853477
892aa844c0fffff,211,195377.38588108,1.4932877698465288
892aa844c23ffff,181,192333.74249562,1.5710294266453677
892aa844c27ffff,106,109578.5376043,1.7124669899284655
892aa844c2bffff,156,153870.18967009,1.226096782185752
892aa844c2fffff,122,157112.34563062,1.3557845904544985
892aa844c33ffff,47,58796.77408385,1.8232366935163578
892aa844c37ffff,104,114819.02825588,1.9204122011867912
892aa844c3bffff,141,160801.57438502,1.494628346938886
892aa844c43ffff,207,260809.27279897,1.016988750583394
892aa844c47ffff,411,211352.04512422,1.2166972593484813
892aa844c53ffff,97,91674.12447204,1.2414605922580946
892aa844c57ffff,142,169044.21794235,1.3735572026347083
892aa844c73ffff,220,299386.66230408,1.2346074613539462
892aa844c77ffff,89,235010.31278447,1.1826551800060066
892aa844c7bffff,127,196548.34762164,1.0361690596548068
892aa844d4bffff,204,160789.89945978,1.4490766752689317
892aa844d53ffff,3,5836.1032251100005,1.9044997310650502
892aa844d5bffff,27,32042.628708930002,1.550214507725869
892aa844dcbffff,79,55866.132959509996,2.069288729575203
892aa844e23ffff,73,138173.57881313,1.0343559889154947
892aa844e2bffff,172,271860.12025355,1.3211448529147514
892aa844e2fffff,139,139137.53126831,1.1479688614856025
892aa844e47ffff,1,77177.8794207,1.322028754168069
892aa844e4fffff,136,248406.61906003,1.6751503681610602
892aa844e63ffff,357,274365.47391984,1.5215177747199864
892aa844e67ffff,163,211594.97314864,1.5539793490037954
892aa844e6bffff,133,185159.23061895,1.8355114614531391
892aa844e6fffff,430,250522.45518571,1.8273727461178877
892aa844e77ffff,18,179628.68887548,1.2312390783643576
892aa844e7bffff,77,339936.83349358,1.5637883607130718
892aa845023ffff,253,263304.14261096,1.045624114465461
892aa845027ffff,356,325398.52737319,1.3229529955320365
892aa84502fffff,227,331465.01805678,1.2395316259875113
892aa845037ffff,289,243650.06958671,1.017857207356375
892aa84505bffff,14,28928.30109193,1.015385082580206
892aa845067ffff,31,172195.08846191,1.0464139698182464
892aa84506bffff,214,268634.66123651,1.1356984883155634
892aa84506fffff,322,335013.32864659,1.1849943451833203
892aa845093ffff,143,130185.13195381,1.2853295096190207
892aa84509bffff,254,227511.27417272,1.0138772411218453
892aa8450d3ffff,35,232998.15160861998,1.037001342683704
892aa8450dbffff,122,291476.10127966,1.044764304555666
892aa845107ffff,8,51981.43642448,1.4252503597245616
892aa84512bffff,68,419821.67437332,1.1618300196623847
892aa845133ffff,17,76658.77902034,1.092609939066981
892aa84513bffff,89,81564.89088641,1.255991053607265
892aa845143ffff,203,197620.07713846,1.2606111532964095
892aa845147ffff,123,638365.69441329,1.3160010136063287
892aa84514fffff,346,405613.92816269,1.043459583339567
892aa845153ffff,243,225207.55080856,1.3918238778840228
892aa84515bffff,321,337424.01790657,1.2031247491127086
892aa845177ffff,19,875990.64376145,1.2378035518078805
892aa84518bffff,8,173585.38351793,1.0991061667032966
892aa84518fffff,6,3657.5271626999997,1.1171750461879297
892aa8451abffff,4,16705.85218294,1.080990561935099
892aa8451cbffff,313,281256.50722138,1.0593467402817043
892aa845203ffff,53,99650.03525693,1.4911425131725533
892aa84520bffff,79,152592.96893778,1.1746943748864378
892aa84520fffff,43,99210.4837269,1.2179838769640148
892aa845213ffff,4,6935.79280052,1.569130936219125
892aa84521bffff,53,113368.07017009,1.2219557119439275
892aa845227ffff,2,4057.5004610099995,1.0001907582872462
892aa845237ffff,33,75204.00004293,1.270226994751968
892aa84523bffff,11,28786.821564949998,1.0449002933329081
892aa845273ffff,36,82197.98813593,1.1469900082764184
892aa84527bffff,18,169594.90883082,1.0148046813591582
892aa84528bffff,73,162934.17506575,1.7108731916897255
892aa8452a3ffff,30,49169.5713702,1.4933356258266368
892aa8452a7ffff,174,213793.31319268,1.434708607622261
892aa8452afffff,46,76764.98316641,1.566136500689321
892aa8452b3ffff,2,2441.7672507400002,1.2665484665733067
892aa8452b7ffff,120,188912.09077604,1.1539753121766658
892aa8452c3ffff,15,27148.52259766,1.1974415306473527
892aa8452d3ffff,12,25496.95955606,1.4493143329777243
892aa8452dbffff,126,258182.99739254,1.1250522698877792
892aa845343ffff,68,80533.57302618,1.0071993517039306
892aa845353ffff,5,13868.77535345,1.1404240498305371
892aa845393ffff,160,374753.21761111,1.026258017278242
892aa8453c3ffff,147,165252.96508529,1.065143399940739
892aa8453cbffff,77,127953.52325231,1.2930478581523575
892aa8453d3ffff,241,268048.39430425,1.249443531299924
892aa8453dbffff,137,186182.25915094,1.4047001223745674
892aa845403ffff,154,266165.6523551,1.3085351062565722
892aa845407ffff,272,384045.25893425,1.5945622007001468
892aa84540fffff,129,193906.66527177,1.2918438934847747
892aa845413ffff,71,71540.65840301,1.4078523905452147
892aa845417ffff,134,106438.22857606,1.646668203878678
892aa84541bffff,130,252479.23409179001,1.0547951317972586
892aa845423ffff,20,268404.59328086,1.5005429363657692
892aa845427ffff,72,96034.12285869,1.225597359318163
892aa84542bffff,153,196409.93511071,1.544882302986681
892aa84542fffff,185,199267.92939022,1.2277325390678324
892aa845433ffff,198,303413.96201951,1.7950760665263092
892aa845437ffff,154,188795.95538324,1.5400806285384894
892aa84543bffff,121,386976.21512046,1.6124845723347352
892aa845463ffff,340,268002.55033316,1.1656665731842955
892aa845467ffff,317,264813.22824351,1.3449127035160235
892aa84546bffff,240,215041.47797719,1.0587738840259422
892aa84546fffff,303,268508.82061793,1.1464976898140524
892aa845473ffff,68,449116.54915649,1.0248720691275695
892aa845477ffff,201,250466.00783889001,1.360813215533679
892aa8454a7ffff,3,8355.23145737,1.9922187496268093
892aa8454abffff,114,107463.74464333,1.916159926595585
892aa8454afffff,172,154155.5626614,1.8622526317422556
892aa8454c7ffff,3,19787.65412528,1.217903609625923
892aa845503ffff,128,142263.91750737999,1.092564270578432
892aa845513ffff,355,251146.63833445,1.3590823833907157
892aa845517ffff,169,118116.58095359,1.0813746867239311
892aa84551bffff,222,197270.15531284,1.097531983166023
892aa84558bffff,135,103727.27532241,1.651318544731569
892aa84558fffff,168,161201.92183108,1.395794066517038
892aa8455a3ffff,178,130306.99012014,1.0406280085571766
892aa8455b7ffff,7,3863.9430281100003,1.3033683107148002
892aa8455bbffff,119,115246.95618924,1.1833287445152267
892aa8455c3ffff,249,191316.42212572,1.5024462708509774
892aa8455c7ffff,378,243577.60764098,1.4135174919829152
892aa8455cbffff,285,261961.2643085,1.3236668851676687
892aa8455cfffff,140,243361.91338806,1.167480760997148
892aa8455d3ffff,33,22437.91841634,1.8379472324573223
892aa8455d7ffff,125,73223.6257182,1.7371941182878414
892aa8455dbffff,292,213571.64420372,1.6575045252336622
892aa845613ffff,1,2852.5621812,1.1210873464445492
892aa845617ffff,133,167818.98958488,1.0380563205399815
892aa845623ffff,90,100686.37679777,1.3746208077518818
892aa845627ffff,199,260161.40195943,1.0410694662456241
892aa84562fffff,9,10618.32437181,1.3175274789173064
892aa845633ffff,29,97057.15321065,1.3925503128249217
892aa845637ffff,138,198388.14356639,1.167448810202256
892aa84563bffff,1,2424.81248147,1.6499782337697746
892aa84564bffff,79,208867.17647091,2.147716325026789
892aa84564fffff,33,57027.71094943,2.0609058158926343
892aa84565bffff,58,84615.95115757,2.361112029740916
892aa84566bffff,4,1843.52618357,1.730162726971572
892aa8456a7ffff,101,373285.36921989,1.0669963068547192
892aa8456abffff,139,240207.11828273,1.0625571350649616
892aa8456afffff,73,247551.93258319,1.187944980104319
892aa8458a7ffff,520,414458.12713615,1.032207204091952
892aa8458abffff,413,404070.14603385,1.0390317519072843
892aa8458afffff,358,385469.80467781,1.1067518206432903
892aa84593bffff,10,98282.46032217001,1.0238992003105631
892aa845967ffff,4,86628.14240297,1.116528783249748
892aa8459b7ffff,9,20210.77000098,1.0180603787866707
892aa845a07ffff,9,1696735.58121238,1.0609392221331622
892aa845a27ffff,18,580581.803836,1.0346383537947612
892aa845a2fffff,20,458378.09639037,1.3655843631533762
892aa845a33ffff,1,304633.643422,1.0540254815367291
892aa845a37ffff,33,675756.2253879,1.0541048199044611
892aa845a3bffff,14,14011.05075164,1.367347105974763
892aa845a6fffff,30,31438.92095264,1.2324518119527663
892aa845b5bffff,8,299318.5865525,1.120580971246411
892aa845c07ffff,25,79133.68145169,1.004257800940232
892aa845c2bffff,62,840547.21718208,1.0117994043572973
892aa845c33ffff,143,276655.16584536,1.1292326856029615
892aa845c67ffff,125,1277111.8079464,1.240629751825767
892aa845c6bffff,61,484514.97236980003,1.075740901873115
892aa845cabffff,72,205184.0474848,1.1444939499336946
892aa845cafffff,145,316210.81990307,1.1724701950743213
892aa845d07ffff,476,370705.15080573,1.2148412771266957
892aa845d13ffff,234,284193.93253751,1.055347494369973
892aa845d17ffff,44,334164.58516758,1.2737177030247564
892aa845d23ffff,11,16947.19865092,1.073039420723435
892aa845d27ffff,6,212462.95814886,1.102992153848772
892aa845d33ffff,30,24992.58611982,1.3900102372376537
892aa845d3bffff,232,206428.36387046,1.1473854602579756
892aa845d8bffff,67,156054.72555881,1.2597438284485876
892aa845d8fffff,5,57223.70562804,1.4124106654397717
892aa845dabffff,148,101924.90879841,1.5366293842573369
892aa845dbbffff,3,8969.87448217,1.6226963452830545
892aa845dd3ffff,39,22321.42227489,1.0738652434269225
892aa845dd7ffff,17,24539.13294675,1.1871474812014418
892aa845e73ffff,145,345354.98487858,1.0145997741327637
892aa845e83ffff,258,288404.14703131,1.0345191788517716
892aa845e87ffff,444,409206.41553628,1.0669454214661969
892aa845e8fffff,245,334573.33895187,1.0273657977429123
892aa845e93ffff,28,26706.00846589,1.1450245438222355
892aa84c593ffff,28,28820.77514696,2.892241574131696
892aa84c597ffff,104,124815.2320173,2.5529450168682475
892aa84c5b3ffff,11,17649.279926310002,2.103953807230207
892aa84c5b7ffff,21,27907.26542932,1.7723655443289235
892aa84e027ffff,48,42308.86161908,1.7383632593976406
892aa84e037ffff,3,3378.98942526,1.8447546906597325
892aa84e0a7ffff,29,268686.86781953,1.5680340465873657
892aa84e0b7ffff,3,50987.668258909995,1.604645408978996
892aa84e143ffff,192,184839.06122547,1.3900670081757094
892aa84e147ffff,215,193347.30382194,1.108330188920042
892aa84e14bffff,209,208702.44768005,1.714094077294435
892aa84e14fffff,196,210434.68801493,1.450639182819257
892aa84e153ffff,213,193087.33240202,1.4093966574055659
892aa84e157ffff,234,190926.68064322,1.0870347934415747
892aa84e15bffff,147,127793.17866038,1.6931966259181415
892aa84e163ffff,99,108028.06639028,1.0625294631735975
892aa84e16bffff,116,170742.24659778,1.4143437024303787
892aa84e16fffff,91,141768.09144694,1.3148545808152117
892aa84e17bffff,176,177476.89852136,1.2252804076847714
892aa84e1c3ffff,152,183091.59652562,1.32918733986394
892aa84e1cbffff,194,161581.91295679,1.5055621312885636
892aa84e1cfffff,208,183844.13442421,1.1666550139530427
892aa84e1d3ffff,155,329888.49106804,1.2716104993558395
892aa84e1d7ffff,180,262312.3821866,1.003006975047852
892aa84e1dbffff,101,177838.18739151,1.6027554241941513
892aa84e327ffff,26,261100.09173641,2.554823745815572
892aa84e32fffff,53,385952.49194135,2.7052770208325163
892aa84e337ffff,48,300491.13400964,2.3418760404005847
892aa84e387ffff,24,22852.3526483,2.049180075736944
892aa84e3a3ffff,109,251069.63668516,1.9388170662410176
892aa84e3a7ffff,86,151106.39576335,1.768312578649728
892aa84e3abffff,7,16275.32197232,2.2957817961995493
892aa84e3afffff,42,100531.38606574001,2.123358270269577
892aa84e3b3ffff,149,208104.28875654,1.7987474961074892
892aa84e3b7ffff,73,250235.5252405,1.5819534916851024
892aa84e3bbffff,23,53631.29290723,2.1498393050595603
892aa84e503ffff,158,172165.49138159,1.3984908116027046
892aa84e507ffff,206,232005.33101334,1.1409739556526404
892aa84e50bffff,125,198101.70862982,1.4216315806811328
892aa84e50fffff,165,219129.07270006,1.1123037710449628
892aa84e513ffff,165,180402.37261114,1.7031337228585337
892aa84e517ffff,145,223853.00042674,1.4648460741000513
892aa84e51bffff,154,194958.12425537,1.6853868802719454
892aa84e547ffff,85,137240.82431917,1.530212776868671
892aa84e557ffff,13,61095.03876594,1.742314166260023
892aa84e563ffff,200,219428.24177102,1.0300431717686565
892aa84e56bffff,193,206103.68610716,1.2775929625806473
892aa84e573ffff,124,300771.16103323,1.1949329662609292
892aa84e57bffff,164,184577.23151726,1.3688515724175858
892aa84e583ffff,181,180638.76381306,2.12431812600063
892aa84e587ffff,167,157566.07768917,1.94595489345733
892aa84e58bffff,179,197390.05489081,2.017897119985396
892aa84e58fffff,216,209699.1469158,1.7933397775223872
892aa84e593ffff,139,155834.5639309,2.4567822796260144
892aa84e597ffff,170,181201.55768854,2.282285320679981
892aa84e59bffff,165,163991.37017102,2.3387036577989027
892aa84e5a3ffff,193,187961.48347476,1.4821523065461668
892aa84e5a7ffff,43,87844.91946888,1.4259302403982763
892aa84e5abffff,211,205706.42452202,1.2734491498084635
892aa84e5afffff,180,161134.14543355998,1.1525349702276915
892aa84e5b3ffff,179,196791.73070401,1.8142629002522026
892aa84e5b7ffff,59,215263.53358995,1.739865512258645
892aa84e5bbffff,189,165741.60126356,1.6096679900757487
892aa84e5c7ffff,141,150944.04823945,1.9713872970879947
892aa84e5d7ffff,50,54360.00097585,2.2712504247692813
892aa84e80bffff,296,221192.63525491,1.0135076791876205
892aa84e80fffff,261,213678.32495212,1.081541710405271
892aa84e81bffff,7,15795.86866534,1.0824879044871587
892aa84e863ffff,19,32125.15855737,1.1899343712741979
892aa84e873ffff,107,219935.44970235,1.0528979916182835
892aa84e877ffff,170,180803.89770621,1.3239371882710906
892aa84e89bffff,404,410225.73896811,1.0474547405472732
892aa84e8c3ffff,26,106109.01182578,1.1208348218164201
892aa84e8c7ffff,106,165049.4950368,1.1363633681949212
892aa84e8d3ffff,88,271892.50730678,1.397722557454264
892aa84e8d7ffff,300,282047.57414816,1.2193877780814237
892aa84e907ffff,2,805.99936344,1.3007235039287306
892aa84e927ffff,8,17107.59903648,1.7636878496080453
892aa84e9c3ffff,86,153602.9198582,1.04374875388281
892aa84e9d7ffff,70,604908.95718954,1.0506909741208132
892aa84ec0bffff,36,296637.64402966003,1.150642003326489
892aa84ec0fffff,64,87228.26050208,1.1862974708131542
892aa84ec23ffff,20,41313.32762002,1.3713053448260388
892aa84ec27ffff,13,109371.38436182,1.2076718247351454
892aa84ec2bffff,5,5795.20840486,1.278564879704811
892aa84ec2fffff,12,46291.3938062,1.040644749376612
892aa84ec33ffff,82,171675.53014347,1.1817928130524822
892aa84ec37ffff,70,151321.5770211,1.4390419313682488
892aa84ec3bffff,67,160430.4783901,1.3119386373426243
892aa84ec43ffff,95,128558.52785844001,1.3598606860305036
892aa84ec47ffff,157,301764.67578398,1.47080345315259
892aa84ec4bffff,3,2474.8618313,1.3950297826250309
892aa84ec4fffff,21,270461.09441154,1.6513334219822444
892aa84ec53ffff,34,236095.3385973,1.0943552447363434
892aa84ec57ffff,130,420790.77090058,1.2129438409734563
892aa84ec5bffff,7,98089.78270209,1.0812873669368612
892aa84ec63ffff,110,289058.14699845,1.5988186012097731
892aa84ec67ffff,89,163255.09672678,1.2822167736852603
892aa84ec6bffff,60,191673.28600186,1.6961886540848448
892aa84ec6fffff,331,347044.15812437,1.3814959925132055
892aa84ec73ffff,72,187544.82537325998,1.4549122670681063
892aa84ec77ffff,128,203177.30919447,1.5168524908110426
892aa84ec7bffff,204,338474.45081544,1.755378360852664
892aa84ecafffff,214,299606.92213903,1.1520406021688185
892aa84eccfffff,174,214640.76373335,1.0026407248232052
892aa84ed1bffff,172,335623.71824935003,1.1866743225317418
892aa84ed53ffff,19,100048.57476301001,1.1256068243338266
892aa84ed57ffff,94,234553.51995302,1.14280926707627
892aa84edc3ffff,4,11422.947960649999,1.0108004355540148
892aa84edcbffff,48,144015.35888097,1.352711124600739
892aa84edcfffff,49,102538.19367931,1.2894393452703587
892aa84eddbffff,30,678632.43246885,1.1356146244479943
892aa84ee03ffff,21,56010.94439445,1.5195477426470452
892aa84ee07ffff,38,77206.01858708,1.2421923883365817
892aa84ee0bffff,83,148663.15713936,1.5670838682320511
892aa84ee0fffff,69,116019.72740408,1.2489758819926078
892aa84ee13ffff,51,115701.02231303,1.8122377597845112
892aa84ee17ffff,71,133735.46168898,1.554804726171902
892aa84ee1bffff,69,147778.44141827,1.8181422471502753
892aa84ee33ffff,58,152015.24800395,1.0038262928222161
892aa84ee43ffff,125,196901.59750522,2.0282728174468563
892aa84ee47ffff,135,203529.28548979,1.6904422341395908
892aa84ee4bffff,121,173690.38503207,2.2137524343639545
892aa84ee4fffff,167,212371.45956133,1.8747139283786027
892aa84ee53ffff,78,149919.86690862,2.222458075809238
892aa84ee57ffff,126,197324.75215732,1.8926710343870123
892aa84ee5bffff,90,175791.39083449,2.366613397642058
892aa84ee63ffff,114,148373.99594569,1.1975829408441465
892aa84ee73ffff,158,240074.65971753,1.353494805771895
892aa84ee77ffff,77,101471.63030323,1.0182959228585922
892aa84ee7bffff,97,116458.02670816,1.5359238001180524
892aa84ee83ffff,213,218320.77185684,1.3703087351412047
892aa84ee87ffff,126,361382.37911638,1.5159576154454817
892aa84ee8bffff,35,89342.92839084,1.6170145716518214
892aa84ee8fffff,159,196127.42506959,1.7044873070106838
892aa84ee93ffff,76,672236.28857955,1.0374408877984773
892aa84ee97ffff,391,435340.07836656,1.1814795854474276
892aa84eea3ffff,65,104206.35176151,1.5081708617335012
892aa84eea7ffff,18,81434.8156557,1.4137961695215404
892aa84eeabffff,56,102343.74509341,1.3346362900121695
892aa84eeafffff,39,60360.61816917,1.1728984605788542
892aa84eeb3ffff,28,147005.50073251,1.7172935329112973
892aa84eeb7ffff,7,92635.54281529,1.7386834649835503
892aa84eebbffff,97,151599.61730729,1.667612466943855
892aa84eec3ffff,62,132097.93651553,1.917497867637872
892aa84eec7ffff,40,109761.33672512,1.899174028138362
892aa84eecbffff,70,156656.58448897,2.24809301009086
892aa84eecfffff,56,137082.58800909,2.129063963343878
892aa84eed3ffff,111,159655.87820498,1.6509205177775899
892aa84eed7ffff,52,108845.74335947,1.5983789895517808
892aa84eedbffff,75,138609.21574364,1.9943385544068586
892aa87842bffff,8,18689.86621087,1.1071394106102947
892aa878483ffff,19,61181.68244667,1.057962160690889
892aa87848bffff,187,267361.79067273,1.16680798945624
892aa878493ffff,3,7084.49686541,1.0333883482401436
892aa87849bffff,6,12946.50234075,1.375376913606613
892aa87a003ffff,82,154407.15527963,1.360802302783015
892aa87a007ffff,55,120468.33671101999,1.5410255509110007
892aa87a00bffff,142,151127.54942201,1.004385472910547
892aa87a00fffff,79,152044.32188644,1.204511861095942
892aa87a013ffff,176,131676.71051516,1.2064171820623375
892aa87a017ffff,49,188154.06296464,1.2159888530874439
892aa87a01bffff,9,8483.2946854,1.2288878033062438
892aa87a023ffff,6,28973.20511875,1.7392263409773645
892aa87a02bffff,39,179118.01872374,1.4311056916996268
892aa87a02fffff,18,160239.92026967,1.746559527573423
892aa87a067ffff,124,167829.24316225,1.1515334780328619
892aa87a077ffff,38,202401.50408846998,1.129427325720076
892aa87a0a3ffff,34,91452.1005384,1.1591899090303313
892aa87a0abffff,42,57245.11966737,1.3159888207139043
892aa87a0afffff,64,48291.70705995,1.4882915111407067
892aa87a0c3ffff,25,92091.17500776,1.4131510119217419
892aa87a0c7ffff,72,305390.98904916,1.2892986480209925
892aa87a0cbffff,9,38561.00652712,1.2316809343375155
892aa87a0d3ffff,67,198131.61482064,1.10446396690285
892aa87a0d7ffff,23,143475.14028464,1.0921213377591348
892aa87a0dbffff,39,124832.53187588,1.1899965326224538
892aa87a203ffff,12,125493.83170853001,1.1411984744819088
892aa87a20bffff,219,320532.13962299,1.4977162683313905
892aa87a20fffff,41,462266.89170339,1.3334332662330008
892aa87a213ffff,21,578530.78344566,1.0258021943146627
892aa87a21bffff,16,17800.25810099,1.3667063757027034
892aa87a23bffff,31,160385.59032248,1.0469553541576677
892aa87a257ffff,51,48525.78892836,1.714157023152119
892aa87a267ffff,307,605463.99895544,1.2992214671308862
892aa87a26fffff,1221,3897480.41046746,1.6314260938594103
892aa87a273ffff,73,171739.54451407,1.624888924936982
892aa87a277ffff,7,104574.32933416001,1.299886226896232
892aa87a28bffff,8,24159.81337166,1.0138432686376926
892aa87a2c3ffff,6,6460.755741659999,1.6169082697460895
892aa87a2c7ffff,13,365065.76271957,1.3108319607306143
892aa87a2cfffff,3,6840.8571003,1.632030870525276
892aa87a383ffff,164,192849.01895529,1.3198803868795097
892aa87a38fffff,108,163862.24479641,1.1121114582192577
892aa87a393ffff,369,316984.6219106,1.4828626213390006
892aa87a397ffff,24,20913.6266687,1.6766688541625316
892aa87a39bffff,123,179815.09426258,1.1639167588412533
892aa87a403ffff,24,90992.08285222,1.0393405155724607
892aa87a4a3ffff,169,170278.9546425,1.2134932958080291
892aa87a4a7ffff,193,195618.89258434,1.214245780388314
892aa87a4abffff,86,2816838.40453741,1.0372547745397454
892aa87a4b3ffff,175,182549.87369857,1.0184330154800791
892aa87a4b7ffff,158,163735.72520136,1.357465495679814
892aa87a5c3ffff,8,8325.38818077,1.0517112508152575
892aa87a5d3ffff,92,92186.93801386999,1.2704450875724878
892aa87a603ffff,14,55866.71471617,1.3761716707189482
892aa87a607ffff,67,169909.96913822,1.2864130457708527
892aa87a60fffff,5,21774.14651252,1.6186733178602575
892aa87a613ffff,14,49859.72604307,1.1804020631038024
892aa87a617ffff,7,66649.37432542999,1.026574896063329
892aa87a61bffff,1,830.38121593,1.5371993091445972
892aa87a633ffff,62,168517.09771745,1.282960659034512
892aa87a637ffff,13,75755.63258726,1.3658608921607
892aa87a643ffff,19,217394.6626124,1.357593724302282
892aa87a64bffff,71,576757.4347999,1.214035329042468
892aa87a653ffff,10,115295.54732648,1.159976111928431
892aa87a65bffff,7,3900.08733139,1.0185204716791878
892aa87a6afffff,234,264498.45865581,1.0321100784435526
892aa87a6d7ffff,16,95212.14186751,1.2571540707613653
892aa87b5b7ffff,114,1198598.12849596,1.7727884013192685
